name,answer
7023.jpg,NMUBG
5310.jpg,MGGTD
037.jpg,BGGYR
3437.jpg,MKDUB
2664.jpg,YRVEF
2425.jpg,FTVFB
4792.jpg,CMYNE
1890.jpg,FFGRD
3537.jpg,GHVWH
7237.jpg,YFXWD
284.jpg,FVCUC
4290.jpg,RVKYD
6016.jpg,FUVKG
2596.jpg,NVHKB
034.jpg,BUUYG
6480.jpg,HNUUY
830.jpg,TGVMD
3471.jpg,VAPXB
6430.jpg,HHYYR
7940.jpg,YYBGT
2925.jpg,TWWNB
6708.jpg,HGYAT
5565.jpg,DFXAG
2580.jpg,AYHVG
4364.jpg,NERPD
7083.jpg,WCRRM
3258.jpg,WPWXN
4191.jpg,VMKND
1183.jpg,VVUEV
4435.jpg,HYTGB
3310.jpg,TCTMT
1792.jpg,KBDXB
4509.jpg,EDVYY
3613.jpg,NRDYC
7979.jpg,UDTVF
3906.jpg,VYNCC
6564.jpg,VNTCY
1157.jpg,BHFEK
2205.jpg,URDCU
5988.jpg,UXAFG
1008.jpg,EPUWV
3790.jpg,YYPBH
6154.jpg,CFGGX
7532.jpg,AEAYB
1096.jpg,RDHAU
5445.jpg,DGBPW
7798.jpg,PABCY
366.jpg,XURUD
3910.jpg,PGFPD
2034.jpg,MYKHY
5768.jpg,CUBWP
7907.jpg,TCFWD
397.jpg,YPVRM
2453.jpg,KWEVV
6002.jpg,GFMMY
2762.jpg,CHYTR
5999.jpg,GVMCC
5343.jpg,KGVPP
3797.jpg,PRDPW
3927.jpg,CFYHX
4083.jpg,XEWHW
1627.jpg,FNBWC
3645.jpg,KKHTF
1991.jpg,NPDAG
433.jpg,BFEUE
2572.jpg,PDUNN
2698.jpg,WBNPF
1762.jpg,WMNWM
4720.jpg,PDKDK
3135.jpg,VAXEA
057.jpg,HEVDV
2606.jpg,UFBRU
7664.jpg,GGEKD
7114.jpg,EVHWR
1244.jpg,NGVGA
3530.jpg,EPMRB
354.jpg,GVUPC
2303.jpg,VFDUM
086.jpg,TYANW
7015.jpg,ANCDW
3352.jpg,MKVMR
243.jpg,XMBKU
2121.jpg,MRGVC
7000.jpg,TVPCM
5713.jpg,GKTBR
2060.jpg,HVBFB
7765.jpg,VGXCW
4326.jpg,FGKAP
5547.jpg,THHMB
4043.jpg,EWDMR
2627.jpg,CCATN
4843.jpg,BTPMG
1124.jpg,WUCFE
1518.jpg,EVPNG
3119.jpg,NVMHP
1782.jpg,FNUBE
4052.jpg,EBGUD
1793.jpg,EKXNX
3791.jpg,XNDHK
3932.jpg,HCBTP
6506.jpg,XBHGC
3240.jpg,YNGUT
7689.jpg,EBYXV
2474.jpg,URDBW
3612.jpg,ERMXT
1856.jpg,HHAHW
120.jpg,WGMWD
3173.jpg,KGNHY
2296.jpg,UAWXF
3971.jpg,FXTDT
332.jpg,WCDNX
076.jpg,UUXVT
1867.jpg,EBFUW
2076.jpg,YMREM
5973.jpg,RKGXF
203.jpg,HCTXW
396.jpg,XHBYT
4501.jpg,WRAMY
3735.jpg,HBVEB
3226.jpg,DVRDT
1368.jpg,UMEUH
7633.jpg,RHYRB
1393.jpg,UMCBE
3604.jpg,MRWCY
4891.jpg,TMGXT
2763.jpg,EAGMX
2305.jpg,RFTYF
1401.jpg,AFTNP
1560.jpg,XXDUR
4363.jpg,GTUFN
4944.jpg,VEYHX
4082.jpg,NBXAA
4745.jpg,KRNPM
1253.jpg,AACDR
3866.jpg,CBKXM
1558.jpg,EXGNN
2853.jpg,VPXPN
3385.jpg,GDEGY
2814.jpg,YMGYM
4389.jpg,NEDYD
4038.jpg,RVEFR
4759.jpg,HWVHB
2912.jpg,CEXAK
5653.jpg,ECFMA
5527.jpg,KUWXN
2984.jpg,DUHVE
1445.jpg,BAUUX
1796.jpg,FKGND
4094.jpg,PVCKT
4546.jpg,UVCRB
5252.jpg,VFEHC
3757.jpg,TVYTA
4911.jpg,MAKEW
069.jpg,TYWFN
7727.jpg,XVMNH
6920.jpg,MYGKX
4259.jpg,CVRTG
913.jpg,EWEGK
7670.jpg,RAYUY
5319.jpg,DREWG
7218.jpg,GTFVX
3798.jpg,PUXDT
5001.jpg,KCKXF
290.jpg,GAHCY
7839.jpg,GMTVK
3514.jpg,KYAEB
2766.jpg,TWRVP
2227.jpg,KRYAY
2333.jpg,RWDXU
5139.jpg,VFFMW
5055.jpg,EMTEU
542.jpg,VTKPD
3626.jpg,TGKHN
4135.jpg,CTGEN
3320.jpg,VBVEA
2475.jpg,RFCET
4219.jpg,YFBAN
2078.jpg,CBAFF
6688.jpg,RCCFY
3418.jpg,VPYWG
3552.jpg,HRVHN
2891.jpg,RGBBH
096.jpg,BHHCA
7355.jpg,TUMCR
269.jpg,RXCHN
2445.jpg,KPHGE
4261.jpg,MPYHN
1786.jpg,URMMR
4906.jpg,XXWDV
3017.jpg,WEXCB
2458.jpg,DMNKD
3770.jpg,GRTGK
7246.jpg,PMPBT
2513.jpg,MTNWB
3651.jpg,RBMYY
2288.jpg,PEABP
3783.jpg,FAGRT
6461.jpg,VKNKW
1272.jpg,GAGWA
2546.jpg,PTXTE
6571.jpg,CMCXY
1235.jpg,GGGPK
1605.jpg,UBWKC
5199.jpg,KUNUH
3435.jpg,PWNHT
7158.jpg,HRGCD
1798.jpg,PDBTM
3372.jpg,RPPUM
1175.jpg,UHVDT
3338.jpg,VHRKW
7791.jpg,PRAVM
1578.jpg,WGAFU
885.jpg,UGCYU
6073.jpg,TDTVM
4895.jpg,TWGTR
5767.jpg,REHKU
6345.jpg,BADWY
339.jpg,RGUCW
873.jpg,EYNEA
1431.jpg,MNTHM
3432.jpg,PMRYF
169.jpg,WVPPV
3983.jpg,EFXHC
1101.jpg,XCWXY
3878.jpg,BANBC
4111.jpg,YMHRR
3700.jpg,YDFFF
6738.jpg,MPWHR
4943.jpg,VPCBN
095.jpg,EMFGN
3586.jpg,XWFTM
027.jpg,DPDNH
2495.jpg,KNNYB
7652.jpg,DVUKK
5533.jpg,RKUTM
1813.jpg,GWYTC
2219.jpg,DUTEX
1158.jpg,WXVGW
2226.jpg,CNEXH
2768.jpg,THUPU
1013.jpg,BCYXU
2951.jpg,BFDKR
7679.jpg,NAEMW
106.jpg,RYRUX
1802.jpg,RCTUW
2332.jpg,KRGAX
258.jpg,MHDGY
5606.jpg,EPPXY
2427.jpg,XFGFX
2175.jpg,UDDXH
3163.jpg,YVFMF
7132.jpg,XWKYA
2388.jpg,WRUYX
3838.jpg,KVXFG
3077.jpg,DVXHU
2172.jpg,YANBT
3496.jpg,AEKPK
2036.jpg,WWPCM
2324.jpg,ABYEM
5636.jpg,DREFC
5627.jpg,DGBWD
2259.jpg,BTGBW
5322.jpg,EHUGM
2683.jpg,PYRKD
1267.jpg,HCVXN
3411.jpg,TYDXG
3091.jpg,HUUCU
4737.jpg,XCMVR
3826.jpg,BEXFB
4375.jpg,GTVVR
5593.jpg,GUMTA
7096.jpg,BEXYT
7831.jpg,TGUXW
3434.jpg,DRAAY
3382.jpg,PPRMF
2711.jpg,GACME
5275.jpg,CWERP
3771.jpg,BBMCK
2147.jpg,BAFMY
040.jpg,XBYXG
2091.jpg,XBGAF
4074.jpg,MHDXT
5858.jpg,RWHDH
1296.jpg,HMDUC
4164.jpg,BGDFA
291.jpg,EBXWG
1868.jpg,DEPAR
3039.jpg,HRCEF
4723.jpg,RBFRT
3736.jpg,CYMAE
914.jpg,KRNNN
4444.jpg,XMFGX
7708.jpg,WCHYG
1193.jpg,PYVFT
7767.jpg,UYDBF
1916.jpg,RHCCK
2974.jpg,NCYTU
436.jpg,HFVNV
3749.jpg,DVWRF
2651.jpg,VGBBG
2031.jpg,EWEFB
4266.jpg,PMKVH
2784.jpg,EXBAM
405.jpg,FWTRF
1374.jpg,HWDUD
338.jpg,XTVTP
696.jpg,VUWYC
6707.jpg,DNPET
3116.jpg,ABCVB
1545.jpg,TEAXA
435.jpg,PVGDT
4795.jpg,DMYDN
502.jpg,PKHCA
4997.jpg,MDPNU
2294.jpg,RAYVH
5607.jpg,NBHTD
6873.jpg,BTFKH
2871.jpg,DYKVU
5774.jpg,DDRXD
5664.jpg,FNXND
1500.jpg,CVMKK
3574.jpg,XWUER
3464.jpg,TTWCB
5965.jpg,DPVWA
882.jpg,XYMUB
2825.jpg,WRDBW
6720.jpg,VWVMP
3686.jpg,KCTXT
4101.jpg,PTARR
3850.jpg,CRCXM
5947.jpg,YMGAK
5408.jpg,NCWMF
1579.jpg,PUWVN
2887.jpg,TMHDD
2635.jpg,XVHET
688.jpg,GCPNM
5240.jpg,VTXHV
3753.jpg,VVANA
3864.jpg,GUHCT
6453.jpg,ETKKT
575.jpg,ARFPE
152.jpg,XYAYP
1454.jpg,DATNW
7830.jpg,HFCAN
1442.jpg,UWKUK
7398.jpg,XYBFM
2629.jpg,PPBMR
2560.jpg,NHWRX
2210.jpg,XWFHV
2371.jpg,CDYRX
3295.jpg,YPGDT
4016.jpg,HMWEB
3063.jpg,DFPMB
5799.jpg,CFTYR
1660.jpg,GEYCA
2710.jpg,PBWUT
219.jpg,EGVNC
5052.jpg,VTBXX
6852.jpg,HVMDU
3237.jpg,KKNVE
092.jpg,CHMFA
3136.jpg,HECNK
2986.jpg,DKRXF
3401.jpg,BCREC
6165.jpg,EMPFB
5354.jpg,PTTFP
6364.jpg,HDGFT
329.jpg,TFWRA
1022.jpg,GFMCP
058.jpg,YWFXF
1838.jpg,HYFHR
3821.jpg,VAEVH
3034.jpg,TGFUK
4155.jpg,YUEWK
2981.jpg,DVECM
7303.jpg,NEFYR
2162.jpg,XNHHE
1891.jpg,MWURE
6008.jpg,YDHDP
5272.jpg,CYHXW
244.jpg,BVRUP
460.jpg,VRGCY
372.jpg,KVVDG
1351.jpg,EAWFM
1316.jpg,VFDTW
4398.jpg,DFDBA
7480.jpg,UYANV
6721.jpg,CRWGC
3516.jpg,MKGUM
3568.jpg,TFAUX
5090.jpg,CRWEN
1210.jpg,TTAEF
2965.jpg,CRHEC
3055.jpg,GFHUX
2824.jpg,KHCWA
6594.jpg,MKPRU
6316.jpg,VUWFB
3465.jpg,BXVTF
2655.jpg,DDXGT
3857.jpg,RKKGF
1794.jpg,HGPEY
1556.jpg,RBHPD
3511.jpg,RMHBT
4782.jpg,CVFFA
4036.jpg,RHTEE
2783.jpg,PWBFH
7766.jpg,NPAGW
2921.jpg,BKYVF
1069.jpg,MEMRK
1257.jpg,CTTCW
2086.jpg,XFPNT
618.jpg,DKDXX
854.jpg,AKEUN
3455.jpg,UMKGH
2574.jpg,XRYDC
2561.jpg,AFPUU
1462.jpg,MNKVM
2832.jpg,TBYYD
3294.jpg,DRKBE
2935.jpg,HDFAV
3448.jpg,YGBRB
2211.jpg,YEETP
1623.jpg,XYWTA
2987.jpg,ECCVU
6380.jpg,YKDEF
4163.jpg,NUBHU
2764.jpg,WVWTU
2245.jpg,YTRYH
3154.jpg,BEHUY
754.jpg,GTRCF
5940.jpg,NXRFT
3704.jpg,ENYVB
1824.jpg,BXBEV
2028.jpg,EHWVP
7523.jpg,DBMAK
4552.jpg,HVBDA
2229.jpg,FFDDV
5722.jpg,ATWAC
2304.jpg,CTPCX
059.jpg,CVWUD
5465.jpg,GRCBF
3282.jpg,XDWUB
6499.jpg,GXUGG
3536.jpg,DCFKR
4611.jpg,DBUCW
6269.jpg,KWEVU
6759.jpg,UHTFB
3923.jpg,UUNAB
1450.jpg,XGAXB
5699.jpg,UFYFG
3517.jpg,AHTVD
1542.jpg,DRERK
2558.jpg,KKCBD
5356.jpg,VRDFX
5684.jpg,VEMWE
6990.jpg,GNRBH
5968.jpg,ANTTH
4061.jpg,YAMMB
7763.jpg,MMUMX
109.jpg,FTYCX
5628.jpg,BEMRA
264.jpg,KAFFK
1164.jpg,WEDHH
6481.jpg,MPAXB
6084.jpg,GTFTA
4847.jpg,HNRUE
212.jpg,MHBBA
020.jpg,CDTTV
4628.jpg,ACRWE
6915.jpg,YVVKH
1120.jpg,TGUCX
2025.jpg,PDUCF
2746.jpg,TXFKK
5742.jpg,RBRVF
5769.jpg,CEHEV
3341.jpg,YBYMU
1156.jpg,KRCMB
3251.jpg,UUANB
3561.jpg,AWUHP
2345.jpg,GXBEY
131.jpg,AERVB
801.jpg,WTWWT
1846.jpg,PBTCD
2149.jpg,EDGCK
148.jpg,FAVCE
3977.jpg,EYEEW
5642.jpg,BCYAX
222.jpg,DYFMX
7022.jpg,HDPVM
3033.jpg,CPBMD
2822.jpg,BYTNB
7941.jpg,KNTWK
4775.jpg,XKBRY
5936.jpg,KARBD
3644.jpg,FVVVY
355.jpg,WETET
2590.jpg,KHHHA
3737.jpg,TAWVY
2252.jpg,TPPXW
5586.jpg,EMAVW
7287.jpg,FNMEY
6419.jpg,HXEUH
5097.jpg,YCADH
3052.jpg,NCCAH
1765.jpg,GFBPG
3292.jpg,XXTWH
6051.jpg,UTCYM
5530.jpg,YDCUU
2897.jpg,MAXXC
1926.jpg,AYPTV
4459.jpg,AUHEX
5857.jpg,AGBVD
3900.jpg,RYXME
4494.jpg,KNTBG
7723.jpg,CYXHB
3275.jpg,FGDPC
3924.jpg,WPHGD
1606.jpg,GUPEB
2067.jpg,AAEVY
1866.jpg,HMCWM
1056.jpg,XVEEW
213.jpg,NTHWR
7671.jpg,ECPYW
6783.jpg,RCKKR
6420.jpg,DDPAD
6647.jpg,WXAEB
2242.jpg,CTKHT
4343.jpg,XWUUG
1603.jpg,YXMNE
3250.jpg,WWHPH
090.jpg,MXRNE
2860.jpg,HWFFG
3172.jpg,KMRUD
1363.jpg,URDKW
6965.jpg,FHUYW
6438.jpg,UCEAK
4218.jpg,TEXFG
149.jpg,GXDYB
3560.jpg,VDUVA
4630.jpg,CWAPE
3970.jpg,MPMFA
3118.jpg,XWWRV
5974.jpg,UPRGH
6176.jpg,KCDEK
3134.jpg,PKRRK
527.jpg,HETFX
7425.jpg,PCCEF
2792.jpg,VPNPA
4724.jpg,VTPEU
4716.jpg,TTNYC
3419.jpg,GWYAD
7085.jpg,YBPUV
2493.jpg,BEHUY
5263.jpg,FNATE
1295.jpg,KKYBB
2852.jpg,EBTMG
897.jpg,KBRYU
7173.jpg,VPEVU
2517.jpg,YWEWG
5880.jpg,KFBRF
4066.jpg,PUCXF
6677.jpg,UGTCB
6486.jpg,NVCWK
1999.jpg,FMXKB
4283.jpg,BUWUY
2944.jpg,NRHUM
3388.jpg,YWKCH
2506.jpg,EYRWB
1090.jpg,ADHTM
2038.jpg,DYBVN
3422.jpg,MWHVD
4362.jpg,UVBAN
1831.jpg,EKPKT
6200.jpg,KNEUM
2973.jpg,PBVHR
4500.jpg,HCTGK
3274.jpg,MDUEH
4475.jpg,HGHPE
6112.jpg,PBEAT
1909.jpg,XAWHF
3614.jpg,VYTFH
3096.jpg,CBWFV
3987.jpg,DWVKB
3638.jpg,PRFFE
3108.jpg,AGTFD
7546.jpg,VNANE
008.jpg,FUHHV
4664.jpg,BKEXY
1420.jpg,CTUKF
3996.jpg,WXWNF
2600.jpg,HANRC
4994.jpg,WBNNN
2527.jpg,ERNVY
7420.jpg,PXAHA
5990.jpg,XTVBY
4631.jpg,FUCRY
4928.jpg,NBBXK
2144.jpg,CYHNE
4216.jpg,DDUCG
4927.jpg,NUCEU
1227.jpg,ATVUP
7582.jpg,VNUBA
7521.jpg,CKMYB
4084.jpg,ENUKB
3839.jpg,VRHKG
3474.jpg,WGCVM
3000.jpg,EUCCE
3585.jpg,BVRMD
1742.jpg,CMCEM
3643.jpg,BPHPK
2485.jpg,EHGNM
2174.jpg,BYHKB
3265.jpg,GRVVF
3855.jpg,DKDVW
250.jpg,NPERV
4072.jpg,UFVTN
5178.jpg,YHYRW
1263.jpg,DANBF
5549.jpg,UMPVR
1882.jpg,MCEHP
4258.jpg,DFUFG
3402.jpg,AHEYT
3663.jpg,XTWHF
2670.jpg,MVXAY
5881.jpg,KTPMH
536.jpg,PWRVY
6819.jpg,HDAHV
3719.jpg,XFRPA
4226.jpg,EGFWG
7174.jpg,UMTXK
2396.jpg,TPDDD
1273.jpg,BTWHV
5106.jpg,THWTF
2200.jpg,XCKCK
6558.jpg,EKCGW
158.jpg,EANMV
4878.jpg,HNBTF
4583.jpg,NWPEF
6741.jpg,TVVUH
3742.jpg,MXBUP
3110.jpg,KRVRX
142.jpg,FEXXC
7735.jpg,CUTWA
7048.jpg,GNAEY
3701.jpg,XKFRM
2048.jpg,ABDYT
310.jpg,ATTGM
3304.jpg,NNHAN
2027.jpg,TBGNK
2473.jpg,ARVFH
3758.jpg,NPHXB
2537.jpg,DDUWA
5238.jpg,XHMHH
6690.jpg,NTAYU
7604.jpg,AFTCW
3175.jpg,XAHAB
6519.jpg,WEGPD
4284.jpg,XYGGC
2914.jpg,UFMVU
2289.jpg,AWDHN
7984.jpg,DECDB
6706.jpg,BMGTX
2364.jpg,EKYUR
5853.jpg,FWBAN
1717.jpg,EWRFV
1919.jpg,VWKUV
1492.jpg,YHKXM
325.jpg,YPPVN
3837.jpg,DGGWT
395.jpg,TWMPP
7404.jpg,GRVVB
6448.jpg,MFTXR
1942.jpg,YPXRX
363.jpg,RCKWP
7537.jpg,WRKPN
6454.jpg,GPDYV
2472.jpg,VGNYN
2173.jpg,VUFCN
039.jpg,WWVCA
6884.jpg,NFNUH
6995.jpg,TKVHN
3716.jpg,XRFDX
6132.jpg,TGTYB
6282.jpg,FBYBD
5434.jpg,GANWN
4777.jpg,MPVVK
3584.jpg,PWBHG
6812.jpg,KHCHD
3879.jpg,PTDNX
7796.jpg,XBEDN
7894.jpg,XDAPE
2462.jpg,TVAMY
2501.jpg,AGGFE
4206.jpg,WFYNN
5221.jpg,DUTGT
6580.jpg,FMYDN
6270.jpg,VDVMR
1688.jpg,AEHWT
2738.jpg,UWPUD
1789.jpg,KKWWH
1664.jpg,RMEXD
408.jpg,AFKCA
047.jpg,XTGBY
2218.jpg,PYRTH
4595.jpg,PNFCE
4169.jpg,GWANP
1653.jpg,REFBC
1508.jpg,YYAHW
6091.jpg,TDAKN
296.jpg,MTDMK
1309.jpg,RPMWK
267.jpg,RWFCA
5323.jpg,NXKMN
6379.jpg,PYHNY
7594.jpg,WPHEP
3991.jpg,RUKYK
2080.jpg,KFVYB
4175.jpg,BNRTC
4975.jpg,HKKPD
3194.jpg,VXYUG
7656.jpg,NADKB
2779.jpg,HRVTD
4951.jpg,KYNPK
3851.jpg,BXWNX
4598.jpg,GMHNG
1726.jpg,HGWFY
1268.jpg,UTPCA
2756.jpg,BMBWC
2801.jpg,UTGPA
1548.jpg,GPYAU
2111.jpg,PEEXF
4354.jpg,CCBGV
5550.jpg,MNGTW
1173.jpg,PYYRM
4267.jpg,UKFYH
7296.jpg,CBEAN
3216.jpg,PDYHA
2772.jpg,PAHWA
4445.jpg,NFGPN
2220.jpg,GAGDY
304.jpg,EBGXX
5259.jpg,XXFGW
1284.jpg,TYCFK
6541.jpg,HCGYP
3777.jpg,GEYPC
417.jpg,BNTUA
6994.jpg,WRXGY
1388.jpg,EYXKF
5908.jpg,DUPEG
4023.jpg,GAWUK
3089.jpg,XKVCB
1759.jpg,FBKNT
5802.jpg,FMTTK
1822.jpg,UMXVW
2026.jpg,AHCNC
1292.jpg,TBGXY
4921.jpg,DPEWC
6796.jpg,DUNDT
4190.jpg,RTVFK
379.jpg,MDRHM
6237.jpg,WMWRP
1473.jpg,EVPXH
4710.jpg,PFEAF
7071.jpg,AVMPH
4537.jpg,PWDEB
1322.jpg,BPKBH
4708.jpg,CHNKF
3784.jpg,AKBKN
3557.jpg,GWEBY
3145.jpg,UMDAE
7389.jpg,RUHNK
1028.jpg,YANWD
1001.jpg,EXPWG
3706.jpg,DCMBX
6388.jpg,PMRVG
245.jpg,PWYKT
4466.jpg,WTKMA
3972.jpg,NYKCA
7694.jpg,KFRBK
3869.jpg,GURFW
3180.jpg,WMRXT
5823.jpg,GKAKY
6685.jpg,RXDDG
7706.jpg,GUCCC
3766.jpg,YYCHG
5595.jpg,GDWET
2143.jpg,BTFBV
6277.jpg,DGVGY
7651.jpg,TXUAC
5563.jpg,MNBFN
1350.jpg,YDKGA
5279.jpg,KMXRY
5228.jpg,WWAUP
399.jpg,DYDWE
2543.jpg,GPFVF
4671.jpg,KKCPB
4507.jpg,TAAHD
6751.jpg,PRPXT
2691.jpg,WPAYA
6604.jpg,DFWMR
1269.jpg,DHCFK
6413.jpg,MFPNB
3485.jpg,ACECM
3035.jpg,UTHAH
3820.jpg,WXNKW
6440.jpg,HYNVG
7837.jpg,DXFAA
7475.jpg,UUXUW
2279.jpg,BRRVB
2023.jpg,RYKPD
3098.jpg,YYGBP
814.jpg,REBTT
4049.jpg,EVXAG
4247.jpg,YMPWA
2584.jpg,CBCNA
4402.jpg,DCNAR
3043.jpg,CXETG
2672.jpg,PRFMU
4172.jpg,YFVEW
2716.jpg,VXHMB
5692.jpg,XFYYG
2089.jpg,BKHUT
2106.jpg,KKYDB
7070.jpg,PTPER
6305.jpg,VVNFM
5997.jpg,GGWWB
6595.jpg,DKACA
7373.jpg,KVHXD
7054.jpg,XDHPW
3400.jpg,PUYHK
2877.jpg,NPTKU
5798.jpg,KKGFK
1329.jpg,HRUFN
3336.jpg,GPDUP
185.jpg,HCVFE
7025.jpg,TCEFX
1671.jpg,YTABC
2261.jpg,REEHD
3933.jpg,VREXA
3889.jpg,TVVRF
2419.jpg,MURHW
7388.jpg,EBAYU
1654.jpg,FHWCY
3914.jpg,FPVKA
7541.jpg,FHYTE
1103.jpg,THMNP
1283.jpg,YUDFH
6066.jpg,RYMHT
3681.jpg,FCVVP
3569.jpg,RDTDV
3534.jpg,XEUMB
2823.jpg,DUHBW
4962.jpg,UBUMR
3891.jpg,KMAUN
2721.jpg,ERWUC
2116.jpg,HBHGU
193.jpg,BKREW
4329.jpg,HNKNC
1745.jpg,FKGDT
1528.jpg,VWCRH
1044.jpg,NTPUP
5267.jpg,TUHPN
1761.jpg,XXMXN
4048.jpg,YGVVM
1016.jpg,VBYRP
1119.jpg,DDFWT
2765.jpg,ENGYA
2575.jpg,AGTMP
1113.jpg,RBKXY
4390.jpg,RGURH
3699.jpg,VXXUU
2644.jpg,BAUHM
1511.jpg,TXKHH
2988.jpg,NNAPG
3293.jpg,DPXGC
5464.jpg,NTTHK
956.jpg,KBGGR
3804.jpg,NVMPK
4056.jpg,MRCAF
4856.jpg,KAYEH
6941.jpg,AKRWA
7635.jpg,TPWGG
2088.jpg,GKCCC
2063.jpg,RATFP
7659.jpg,AEGHB
3976.jpg,XCVRD
2686.jpg,DRVYX
1873.jpg,MBRCA
4691.jpg,PNXMD
5714.jpg,MFHDM
3747.jpg,AVUAA
3090.jpg,GNHYB
5300.jpg,WUXKE
6496.jpg,EEHDU
4009.jpg,NGDMP
7688.jpg,UAEHH
4310.jpg,KFPMX
3102.jpg,BTEXE
2072.jpg,CAHPT
4237.jpg,YXTUB
1216.jpg,MNPDG
3518.jpg,MUANU
3133.jpg,NDWKU
1711.jpg,WHWAT
3627.jpg,EYTFP
3463.jpg,DEHVV
929.jpg,CAWRP
1075.jpg,CXWRU
3600.jpg,MUWWP
6394.jpg,VBVUX
5914.jpg,RRWVN
223.jpg,KDYYY
6404.jpg,MKBFN
7728.jpg,YADYY
4778.jpg,YKFDY
1423.jpg,PUVUD
2318.jpg,XYBVP
2882.jpg,PDYPK
5970.jpg,EGMFU
1921.jpg,CTGFE
4764.jpg,WAXVU
6483.jpg,WUARC
4422.jpg,HAAYM
265.jpg,ABKAM
5380.jpg,BRVUK
3311.jpg,HDWFU
2171.jpg,PKFVF
3424.jpg,DRCHA
2673.jpg,DMEXN
4322.jpg,AXUFA
2385.jpg,VYFGM
2053.jpg,HFPBC
3203.jpg,MNKGK
2217.jpg,BFKRP
4414.jpg,TRCVK
4090.jpg,RKBTN
4293.jpg,TKVVC
3670.jpg,UBWKR
2221.jpg,WBKCU
6421.jpg,HPVWB
4903.jpg,PMTDK
3232.jpg,RGURY
2314.jpg,NBADC
2301.jpg,PPADF
1416.jpg,GYHTB
2591.jpg,YAMAX
163.jpg,UCTFY
097.jpg,VYBYR
7777.jpg,HKEMF
2620.jpg,PPEKX
3548.jpg,GDDMM
1819.jpg,XPGRD
7091.jpg,VNXBP
5423.jpg,THPRE
5032.jpg,YVBWB
6238.jpg,CHKVP
7658.jpg,KKVKE
1471.jpg,UUVMY
3779.jpg,HFRBH
3746.jpg,BXVFX
4909.jpg,DFGVG
2479.jpg,FXBTN
1611.jpg,HEBDM
288.jpg,EWAPN
2704.jpg,KVAKK
3901.jpg,VCKYU
6147.jpg,YMDAT
6497.jpg,VHYXR
526.jpg,PGGBR
4243.jpg,PEEGA
3925.jpg,FTVWA
7914.jpg,URYME
1645.jpg,CCWYD
2426.jpg,HAYRC
419.jpg,PEEFR
2676.jpg,XERVC
1386.jpg,FFDBN
1744.jpg,AFHAB
4180.jpg,CHEMV
031.jpg,WTWPF
1091.jpg,DNMDN
2441.jpg,YNTWP
6032.jpg,WNMVT
7172.jpg,KTCHU
4051.jpg,TKWRP
2639.jpg,RRYRA
330.jpg,TXWVB
6971.jpg,VKDAU
2008.jpg,RWTWB
4209.jpg,CBCDF
2588.jpg,YYDCC
1721.jpg,ERGPF
3397.jpg,DUDXP
2329.jpg,WVFTH
6964.jpg,RCGRR
3008.jpg,PBYDV
2406.jpg,HDWTH
6201.jpg,CVGXE
3582.jpg,CCDFU
6988.jpg,GXTUB
1752.jpg,MDNGY
4930.jpg,AYNEX
2601.jpg,GPDHU
1308.jpg,RVMYT
2390.jpg,EVGNP
215.jpg,HYYGW
1532.jpg,GDBNV
3743.jpg,EKTTN
7854.jpg,MFPBN
1818.jpg,CGHDB
3918.jpg,HRYXR
6560.jpg,VBCEE
1602.jpg,PHUTG
5566.jpg,HGURU
5212.jpg,GPHWB
3793.jpg,KCEWV
1137.jpg,GFPVT
3159.jpg,XCVCE
5784.jpg,KMFMT
314.jpg,URRFP
197.jpg,CFWPE
4867.jpg,KACGM
5836.jpg,WGGNC
2624.jpg,FFCAG
2059.jpg,DCBWV
2075.jpg,ENHFT
4717.jpg,YWGYA
1806.jpg,VRPFU
1908.jpg,VCPXB
1497.jpg,AMBAH
1006.jpg,UFRWY
393.jpg,DTHGK
5741.jpg,CDRCV
7667.jpg,NKAYW
7615.jpg,GFTFK
3662.jpg,FTDUE
2718.jpg,FNTBH
2705.jpg,DTPRT
6628.jpg,AWHAN
659.jpg,PAEPB
4968.jpg,UCXUN
1467.jpg,UNRFR
3085.jpg,VCVWH
2492.jpg,WDGHH
3538.jpg,YUPWX
224.jpg,WFPVW
3615.jpg,AXAFR
1859.jpg,FKHEV
4574.jpg,MNRTE
2307.jpg,GUCEF
7558.jpg,RVUWY
5778.jpg,GXUUM
4498.jpg,EXYYF
3800.jpg,BPTTG
3639.jpg,KFYGC
2879.jpg,CVUCD
200.jpg,RMTBX
4208.jpg,HVTVH
3941.jpg,TWMHN
2154.jpg,UYRNE
4733.jpg,YMXRA
2696.jpg,VKRXP
5056.jpg,EDRNK
1048.jpg,FTCTW
770.jpg,KNYVM
5560.jpg,WEAFC
961.jpg,XBEMV
3480.jpg,WNMNF
4085.jpg,RPGTH
4273.jpg,FNEMT
5544.jpg,KRACC
935.jpg,VYRWW
1339.jpg,VUNFB
1470.jpg,GPKYV
5144.jpg,XGBGR
5535.jpg,TVFRF
7272.jpg,GKXCV
6653.jpg,RFBFM
2125.jpg,KDEFM
3566.jpg,EKGRY
1192.jpg,KXXHC
2915.jpg,MRGWY
6258.jpg,CYABV
7853.jpg,XKYCM
3572.jpg,MFPVB
2700.jpg,VEUNT
2209.jpg,UYFHN
3270.jpg,GCYHK
5414.jpg,MRUNA
052.jpg,BVXGV
334.jpg,DPPKF
292.jpg,BFCBT
6351.jpg,HPDTM
7985.jpg,GXFVX
4869.jpg,GTETM
2248.jpg,NWRAG
438.jpg,WFTGB
6033.jpg,TNKNW
2938.jpg,DGMCG
7637.jpg,EVMUK
078.jpg,RVRCD
5006.jpg,CTAGC
7614.jpg,URFMT
4136.jpg,MTTVV
2842.jpg,TAURU
2566.jpg,DUYVU
5650.jpg,RMGNP
2463.jpg,VVDGX
2196.jpg,KFMME
1739.jpg,XERWW
3331.jpg,PWRBP
3031.jpg,DMHXD
1575.jpg,FHUYM
7630.jpg,PTEAV
684.jpg,WBHKX
134.jpg,MWEBD
3717.jpg,VKCAW
1218.jpg,YUVCE
2520.jpg,BKWFB
6557.jpg,DCEMG
1795.jpg,TDABV
1475.jpg,CNEMX
2350.jpg,KTMKC
387.jpg,KCRNN
2093.jpg,XUHDX
3014.jpg,HAHPA
5155.jpg,TGFVD
1801.jpg,GUXWH
7197.jpg,AAVTV
3494.jpg,TVDVE
7149.jpg,REAEP
3481.jpg,HHXDF
7605.jpg,RNPMK
2641.jpg,FWGMM
3458.jpg,MMDPD
3969.jpg,WVWDC
3812.jpg,HWYHP
3726.jpg,EUPMH
3731.jpg,KRHCC
4184.jpg,VTAXY
1696.jpg,YDPUF
2290.jpg,TCFMG
7066.jpg,HBUDG
6821.jpg,ANDEX
1700.jpg,GCTXC
001.jpg,PVYNB
4912.jpg,EVBFA
1007.jpg,YRYKH
2223.jpg,NTMCV
1597.jpg,VYVMB
1172.jpg,HKTTC
2208.jpg,HRVKP
7783.jpg,XNGWK
053.jpg,ECWKW
7657.jpg,KPFXR
4734.jpg,TKHMF
3277.jpg,PCHTY
157.jpg,MPKAR
6879.jpg,PMMBD
2131.jpg,PCUPW
6096.jpg,DKKWA
272.jpg,EWRCY
922.jpg,TNVBP
2224.jpg,FYXHT
7692.jpg,WDRBK
7118.jpg,NCYUG
1631.jpg,MUFRY
1918.jpg,FWUVN
4981.jpg,PPMEG
3860.jpg,CYVCK
1493.jpg,RWCDN
6265.jpg,EXDVD
7291.jpg,DHTDW
1037.jpg,EGVMX
2046.jpg,FEAAB
2697.jpg,GAXVV
4241.jpg,CVFPH
5622.jpg,WDDDK
4659.jpg,NGXCK
2342.jpg,NXUHC
2669.jpg,VBWVR
7803.jpg,TRGDE
416.jpg,BDHAK
1201.jpg,ABETY
1389.jpg,VDBMA
2191.jpg,WYCYX
3484.jpg,VGXEG
2363.jpg,HDRAW
2335.jpg,RGBMB
4353.jpg,KERWN
1758.jpg,RCGWD
6465.jpg,XVUAR
5220.jpg,YFMTN
5625.jpg,RYDTM
2737.jpg,RPGVT
3847.jpg,PNUYG
2661.jpg,DYCHK
3436.jpg,FXEKV
5513.jpg,GEENE
6359.jpg,EUKVB
6259.jpg,WTHAP
3407.jpg,FPHMY
2432.jpg,TRCDD
5694.jpg,KMMPK
1411.jpg,CTDHR
5748.jpg,WFYVC
2952.jpg,UANBF
3767.jpg,MFFPT
2637.jpg,PNBXE
5594.jpg,CDKXX
2640.jpg,NGWND
6591.jpg,KVYNU
426.jpg,GCCHP
6627.jpg,UMYBT
2222.jpg,MUMTP
1290.jpg,GWCXW
1397.jpg,EPPGR
183.jpg,YPUDB
2081.jpg,YHKBA
112.jpg,EDMCY
3776.jpg,NDXRM
4457.jpg,CYMKC
1530.jpg,GYBXX
3181.jpg,VGCKC
3945.jpg,YGXME
7214.jpg,RNCAP
528.jpg,YFABK
283.jpg,FUEFD
2899.jpg,RUDNX
4120.jpg,PDGUY
1293.jpg,DKMPH
2238.jpg,KDFDG
195.jpg,CMWPY
2817.jpg,YVRHA
1526.jpg,RVNDA
3724.jpg,PXWKT
5041.jpg,FXBEY
308.jpg,YWHTW
2055.jpg,WPMEG
4461.jpg,VHRRN
3490.jpg,MDGMG
5623.jpg,XMUKY
7695.jpg,KWTUX
3239.jpg,XREWN
7402.jpg,NRUFA
1562.jpg,VRVVU
6441.jpg,RHXCN
1039.jpg,BPRAG
5283.jpg,XCYFD
1915.jpg,HGUDT
5658.jpg,XWKKW
3348.jpg,AYHTB
6136.jpg,AAYGF
3229.jpg,HDUPM
3802.jpg,BMRUV
1581.jpg,DNMNU
2876.jpg,KNDWR
6767.jpg,TPKMC
1246.jpg,TGPAB
5162.jpg,BANKF
3685.jpg,RVHHX
1945.jpg,DNWHX
2645.jpg,ERUVC
2276.jpg,BYKUA
150.jpg,HHKHX
1929.jpg,KHFPY
6550.jpg,PUWKF
3741.jpg,XVBKT
4070.jpg,UMNAW
3005.jpg,HUADV
3359.jpg,UVMPH
3221.jpg,CWXKX
2736.jpg,VCYWE
6198.jpg,UUHVA
3211.jpg,NGVWT
820.jpg,NXADK
7840.jpg,TNRKR
4015.jpg,PAKBE
1196.jpg,EBGDT
2752.jpg,KCDMT
6168.jpg,GHACE
725.jpg,VDRPP
5777.jpg,VXUAY
2720.jpg,RHKNC
2923.jpg,EPUFF
3886.jpg,GCUWD
184.jpg,HHMND
2199.jpg,BHUXB
3112.jpg,UCAAP
1132.jpg,FHREN
4173.jpg,KTFPK
2717.jpg,YEKVK
7325.jpg,EVNYD
2148.jpg,EGCMA
262.jpg,AWHEW
446.jpg,VMAYW
7508.jpg,VPUTE
1337.jpg,GMKAV
2133.jpg,HDHCP
369.jpg,ECRMU
5241.jpg,FPTAY
6747.jpg,AVRRT
3570.jpg,GDCUT
6673.jpg,KGKMX
1236.jpg,ECEMH
6724.jpg,BVAMR
2068.jpg,WYHTN
2633.jpg,MBANK
6596.jpg,FDHFH
1282.jpg,DKKPA
3577.jpg,ERFMA
6007.jpg,AVHFC
2137.jpg,UFADA
6548.jpg,DGPWR
7163.jpg,MVXMD
5824.jpg,WAHAX
1043.jpg,HMUBM
4835.jpg,PENGX
1410.jpg,CPWYY
6195.jpg,CGUFC
2564.jpg,MMUGH
5670.jpg,UTRRC
632.jpg,CWNUW
3473.jpg,XKFBG
1217.jpg,FCMEM
1448.jpg,HERRP
2482.jpg,YAGVY
1928.jpg,HFXGU
1507.jpg,PNAMR
7825.jpg,GAVAR
3462.jpg,TUUUH
2595.jpg,RDHRA
2277.jpg,DFEYT
6876.jpg,WCHUV
2776.jpg,MDEWT
2702.jpg,YHNKR
2563.jpg,GVVUP
1084.jpg,FABXV
4228.jpg,WCBGN
5503.jpg,CPXRV
7675.jpg,THEUG
2985.jpg,VVHTU
3132.jpg,GPCMY
3273.jpg,BFTDE
2037.jpg,NVGFF
5036.jpg,GKNNV
351.jpg,NFCXA
1406.jpg,EVNKX
7660.jpg,NDDGH
4186.jpg,PGHUB
5727.jpg,AXDFD
2099.jpg,GUVAT
2207.jpg,WPGPC
5431.jpg,XATPW
2999.jpg,MBXDG
3351.jpg,RBXUG
5121.jpg,FPEBR
1344.jpg,KFRAE
2198.jpg,NPPCP
6663.jpg,BHWUA
2266.jpg,GUBHF
1122.jpg,KGPUK
2216.jpg,ANRHH
1133.jpg,CFDYP
3905.jpg,GYCBA
4230.jpg,VBWFD
3396.jpg,CMCNX
5094.jpg,MEBGE
6488.jpg,BXBTV
7429.jpg,NKMTN
1254.jpg,XCPNB
5720.jpg,WFEMD
2614.jpg,FTDFY
1487.jpg,DGCBV
3515.jpg,RDUKF
2384.jpg,DVPFX
066.jpg,YKHRF
2436.jpg,BFPXM
5902.jpg,BAMCW
2317.jpg,TNFNA
7268.jpg,HUPTU
4047.jpg,DEFWG
5049.jpg,TNBNE
3408.jpg,PRBYP
7103.jpg,KMBXK
123.jpg,PDHRE
3509.jpg,WBMVA
7886.jpg,WCGBM
4603.jpg,KKNDR
6939.jpg,BGGGG
1572.jpg,UDFCV
1885.jpg,CFARR
2831.jpg,GRGFH
3896.jpg,ATHCX
1444.jpg,MBBET
5480.jpg,TDTCK
2927.jpg,XHXHA
6160.jpg,TUDAA
2565.jpg,GGHGN
7877.jpg,BCWKK
3195.jpg,HMGFP
6405.jpg,DPHFV
006.jpg,AERXG
3629.jpg,TMHXX
7322.jpg,FCEHP
6620.jpg,GPYBE
094.jpg,UREVN
4311.jpg,MKREX
4129.jpg,CMEYD
7377.jpg,KFAFW
1373.jpg,TRTVB
1136.jpg,NTPVN
3281.jpg,DAPGN
1617.jpg,KPVDC
3547.jpg,UEXVU
4349.jpg,MBTNG
402.jpg,RCRXY
5726.jpg,CFDRY
164.jpg,PEAKB
1820.jpg,TMCRM
4026.jpg,RVGYD
4998.jpg,WFAEH
7068.jpg,MVFYB
4646.jpg,VEXKX
5782.jpg,GACXR
1085.jpg,TTADU
248.jpg,MKPHK
3669.jpg,THEBB
1408.jpg,DUWMG
6000.jpg,MXVXK
068.jpg,RDTXA
5381.jpg,AECYG
1588.jpg,RKCMP
7699.jpg,EHMFH
384.jpg,BEKCE
1704.jpg,NVNKR
3947.jpg,NGATR
3781.jpg,YDXBX
6662.jpg,MFAXY
6847.jpg,MNVXE
1845.jpg,NBGCV
1973.jpg,XVFWC
2487.jpg,WHCHU
2553.jpg,EWDWC
3611.jpg,HGEYG
1962.jpg,ECFYU
2592.jpg,UEAKX
6433.jpg,BKECG
3486.jpg,VCNTW
4755.jpg,PPYBA
3140.jpg,BAURY
1599.jpg,FPVRX
5000.jpg,PFMMM
2900.jpg,DDRBF
1743.jpg,BXMHF
2615.jpg,UNNKX
1970.jpg,CGKRB
7129.jpg,RRVRV
6028.jpg,VVRDV
3278.jpg,NBDGV
5257.jpg,NWHME
1975.jpg,TYCNG
4394.jpg,AUPGE
7876.jpg,RTCVX
3526.jpg,BWKEX
6768.jpg,NXUDY
6247.jpg,MERUA
7855.jpg,NCVPB
6161.jpg,PFEVC
3539.jpg,MUCTV
2625.jpg,UWTHH
4081.jpg,TVFRN
7749.jpg,HAHXE
1126.jpg,KDXDR
3902.jpg,WDMUY
7078.jpg,VBWMN
1984.jpg,TKRMP
4050.jpg,FRWRM
2638.jpg,WKCYE
3590.jpg,FYNKC
4850.jpg,BTHPX
2428.jpg,RNTKP
2970.jpg,GUYRD
4539.jpg,VKXDK
3167.jpg,XXXDF
5304.jpg,YBKDR
3787.jpg,WKAAA
6602.jpg,VPKTK
3255.jpg,AWNGU
1629.jpg,DCFTE
1616.jpg,WEHEU
1138.jpg,RWDEY
1315.jpg,CRRRN
3158.jpg,XPBHA
6491.jpg,RNXFB
201.jpg,YYCMY
3546.jpg,WBWUV
4656.jpg,NHWUX
214.jpg,YDENE
3252.jpg,EXWBT
7449.jpg,HCEKT
6340.jpg,HRRWT
6702.jpg,EYFBM
2468.jpg,PEKAX
6158.jpg,GUWMX
2195.jpg,GUGMW
541.jpg,ANDPP
2846.jpg,YMGNM
682.jpg,NEAAV
4426.jpg,YDDVV
909.jpg,TNAWH
1573.jpg,KPRNW
2770.jpg,VCUYU
3858.jpg,MUNCH
3550.jpg,KFPHD
4914.jpg,WYFXX
1338.jpg,YRFWW
2486.jpg,MPEHP
4719.jpg,UEHTW
4112.jpg,NUADA
3082.jpg,UKECN
1601.jpg,EHAUW
7199.jpg,VMKKX
2878.jpg,FPNCN
7202.jpg,ETTHA
3567.jpg,GMXUB
299.jpg,DPAHD
1460.jpg,UTYPE
2476.jpg,CRDFM
2552.jpg,XGEUB
4040.jpg,EGHRT
2647.jpg,EFTRX
3257.jpg,XKBFP
1141.jpg,RBEWG
2901.jpg,PYMER
5534.jpg,XCTNA
3729.jpg,WXKXK
7060.jpg,MEEMR
6858.jpg,KEDKK
3444.jpg,PFGTT
1817.jpg,WWBMT
2839.jpg,WCXTG
2955.jpg,BDYNK
911.jpg,NNNUR
2544.jpg,BPYAU
1591.jpg,XAFNA
1592.jpg,RRTTW
1927.jpg,VDMGK
6197.jpg,NTFMC
4478.jpg,TTNCF
2939.jpg,XBYYY
1261.jpg,CAHAH
3254.jpg,HPDMX
3616.jpg,BUREH
370.jpg,EFAPT
4938.jpg,DATYV
1690.jpg,VCUHG
5415.jpg,YMMCP
3591.jpg,CEXDU
186.jpg,GUTVA
3978.jpg,XKEPF
2249.jpg,HDMDY
2230.jpg,PPGMN
2320.jpg,GUGGP
3289.jpg,TFMUY
7640.jpg,TCEUG
353.jpg,VYDBK
2197.jpg,KMYGR
2402.jpg,KBEMU
7725.jpg,RKGAA
7222.jpg,HMXDP
4086.jpg,RFGUB
1876.jpg,PKCPX
2152.jpg,NTWXF
2706.jpg,XDFNH
4058.jpg,RMMPN
5613.jpg,BKBWB
1205.jpg,ABCAV
4272.jpg,HYKPY
3799.jpg,FEXHD
2434.jpg,UMFCH
6639.jpg,MDGTG
6833.jpg,FCGAM
1219.jpg,MMNAW
1730.jpg,RKDEN
5197.jpg,DDMYN
3204.jpg,NEWWU
7997.jpg,HAWUB
4441.jpg,DPYVU
4346.jpg,UAYEU
7413.jpg,UYFPU
3708.jpg,DMGXK
3426.jpg,XTPCB
2758.jpg,CNVUU
1140.jpg,CHCVV
5765.jpg,EMDFF
6347.jpg,TFHFD
7101.jpg,GAYBY
5770.jpg,KEPMY
1983.jpg,AWBWK
6893.jpg,TFNAR
7753.jpg,RREKP
6936.jpg,RNBPN
3727.jpg,XYBHR
1062.jpg,FMGDY
4513.jpg,TRYFY
2122.jpg,HEYYT
3772.jpg,DNTTV
2511.jpg,PXTBM
7693.jpg,HFRRX
2471.jpg,CHBHN
1697.jpg,GDCVT
5939.jpg,DDVAW
1800.jpg,KYGRF
1000.jpg,KRFNH
2942.jpg,MWTBR
6681.jpg,DXVNP
303.jpg,XXUHU
3324.jpg,VWCDY
5378.jpg,RARHF
5673.jpg,KXDCC
7223.jpg,UTMXG
1933.jpg,ENRHE
4797.jpg,VHTXK
118.jpg,XHFPC
3981.jpg,FNXUU
1265.jpg,HUFHR
349.jpg,NPAYD
2155.jpg,WMKGN
013.jpg,BEUCF
2319.jpg,KTKMA
6114.jpg,BERUU
2690.jpg,TDMGW
386.jpg,TWXDD
5077.jpg,CBFBY
7833.jpg,MXEGG
7471.jpg,CHKKR
3406.jpg,GHPMT
3380.jpg,FAHXW
5061.jpg,BKYCV
6196.jpg,KTAYK
6838.jpg,YUXFX
3813.jpg,MRCRH
4138.jpg,UMYBT
7822.jpg,MKGAE
5447.jpg,AUGPG
678.jpg,BRVRM
4220.jpg,DYUYK
2885.jpg,VHVXD
1724.jpg,XMTBM
1731.jpg,XEHEX
5512.jpg,YCXKY
4347.jpg,PHECR
2898.jpg,YFGEG
1621.jpg,DNEKG
182.jpg,GNPCP
2096.jpg,RMBVK
5846.jpg,MARTE
1810.jpg,EAXAM
1134.jpg,YXDDC
7584.jpg,YDKVY
1774.jpg,UXVTR
1675.jpg,XWCMU
7506.jpg,KNGMB
7288.jpg,KDMMU
2991.jpg,MTPEC
1458.jpg,VGHRF
3073.jpg,XMDVM
7639.jpg,EMTWB
352.jpg,YURHR
054.jpg,UFNRG
3302.jpg,HMFMN
1619.jpg,YMYAM
4833.jpg,FMAUA
4512.jpg,YTAPN
4035.jpg,TNCKM
1390.jpg,WVKRT
4377.jpg,PFPAK
421.jpg,REXYU
3228.jpg,GRNXW
2713.jpg,WGTCR
2123.jpg,HUMUP
6781.jpg,VMBDB
2327.jpg,AVPDX
6053.jpg,TYRAT
1708.jpg,AVEGC
4166.jpg,UXYET
3960.jpg,NEKUT
2827.jpg,TGGTK
4966.jpg,BMBMK
5659.jpg,DEUYF
3501.jpg,NGDYM
3451.jpg,FMPWF
2836.jpg,RTPYR
139.jpg,GGYTB
5214.jpg,HUBAT
1514.jpg,TRPTU
2489.jpg,WGHAF
3157.jpg,MXEFU
4471.jpg,RFBDT
6074.jpg,MVDXU
3711.jpg,CNBTN
471.jpg,VWVNW
5282.jpg,BGBBE
6139.jpg,PKXHD
1362.jpg,PXWAY
6696.jpg,XRRVE
7711.jpg,KABHM
3775.jpg,GREMU
5568.jpg,NHCTX
3725.jpg,HTUFP
5348.jpg,FXVYD
1547.jpg,FHHBW
1361.jpg,NKGRC
3297.jpg,WNXMX
5864.jpg,YDYMD
6574.jpg,VNAGM
1808.jpg,KKNWE
980.jpg,YVRDT
4947.jpg,VGUCK
1910.jpg,VWBMT
357.jpg,AGCKE
1107.jpg,BPFFX
4572.jpg,KFERH
7908.jpg,YDDHV
318.jpg,YKHXY
1304.jpg,YHMNV
4673.jpg,VKHGU
2268.jpg,AUAGP
4382.jpg,TWDRV
7466.jpg,GRPND
3720.jpg,EXFAF
4978.jpg,YGNGT
5959.jpg,YRYBN
4594.jpg,TANAP
263.jpg,UGREF
4448.jpg,XTHEW
5787.jpg,UETNX
7805.jpg,KUKUR
2311.jpg,BENEE
457.jpg,RUAFD
151.jpg,UWRHH
1340.jpg,UKURH
3525.jpg,DHPAD
4926.jpg,NRMNH
6686.jpg,UGMKN
7371.jpg,EVCTE
6331.jpg,FHTGT
5589.jpg,GCRUM
3898.jpg,MHXFT
1336.jpg,RHXKA
5312.jpg,GVMTX
447.jpg,NUUNT
368.jpg,TPWGP
1662.jpg,EKVDW
2525.jpg,FNCNW
4203.jpg,PCNAR
6777.jpg,TACCX
1722.jpg,CMHBB
5904.jpg,BFVHF
7642.jpg,MFVAX
4368.jpg,RHKKR
4341.jpg,FMTHX
2589.jpg,GDXWG
4269.jpg,XVWAB
5095.jpg,UUTYP
6425.jpg,MHEGB
3069.jpg,DWEBM
4487.jpg,XKRHK
2730.jpg,PHAUD
3702.jpg,YNYMF
979.jpg,FRMGY
3212.jpg,DCGUH
6138.jpg,EWVPP
2160.jpg,YWEBE
3217.jpg,YFCFT
2714.jpg,FCBWD
5515.jpg,NAUVA
7315.jpg,XXDKX
1417.jpg,BWNPM
2807.jpg,DKWTK
4161.jpg,TYNAY
2811.jpg,XEARG
7245.jpg,FCPKN
2247.jpg,WVRWB
3919.jpg,NXMXB
7309.jpg,RMXNW
1672.jpg,HHCRD
4392.jpg,YPCBW
4383.jpg,UWUXE
7080.jpg,FPEHB
377.jpg,DDURR
3668.jpg,NGXFM
4593.jpg,FFHEU
693.jpg,MXHMD
7395.jpg,RFTTK
4801.jpg,MBHUK
5048.jpg,WYRGG
1540.jpg,BXYVY
5164.jpg,EWKVX
6075.jpg,KMYNA
4477.jpg,TXYGP
2159.jpg,MTTFB
6992.jpg,HYTRN
7999.jpg,ERPRT
1063.jpg,HCVCH
6975.jpg,FBXMC
1865.jpg,HUNMX
4303.jpg,MCKWY
4202.jpg,UFWPX
6743.jpg,WTEWM
1747.jpg,YGNEU
7116.jpg,DDHPY
4450.jpg,FPPCA
5903.jpg,ADDPE
3456.jpg,FVBEE
277.jpg,MXRPW
1756.jpg,VTGNG
5671.jpg,WFTRA
1568.jpg,FPYKW
778.jpg,AUXUY
3279.jpg,WFEKH
7573.jpg,NVGBG
5484.jpg,YMYYP
3350.jpg,PGRUW
978.jpg,NGXAY
3045.jpg,BPBWR
4420.jpg,UURMT
953.jpg,WKAWE
4798.jpg,TBCCY
4348.jpg,WGRWG
6927.jpg,ETPEV
7378.jpg,DAMEU
2378.jpg,WXUCK
4586.jpg,FNMPF
5783.jpg,UVKWB
6376.jpg,FGBYH
3769.jpg,EMMVD
4063.jpg,HCXAR
4863.jpg,WUBGD
1695.jpg,WFGNF
1230.jpg,PWVAC
067.jpg,MVMMX
3242.jpg,EGMRF
1777.jpg,THTED
122.jpg,XKEXG
3666.jpg,FFHET
249.jpg,NEMFM
6311.jpg,BCTGR
210.jpg,MPFFH
2469.jpg,KNTBD
7742.jpg,KYCHV
3780.jpg,FUAUK
1527.jpg,GTMFV
389.jpg,EPFEN
5916.jpg,HVVDN
3498.jpg,VTYXM
306.jpg,TNNXB
4404.jpg,UYERP
5961.jpg,VDXFA
1498.jpg,CNPRT
4982.jpg,APYPW
3442.jpg,FCWXU
4486.jpg,GKKHD
4308.jpg,FTDAX
3628.jpg,DATAB
2787.jpg,UBBBR
1240.jpg,AKNTC
2271.jpg,BVCTG
4451.jpg,DVXVG
2969.jpg,FFUFN
3656.jpg,WTFRG
6744.jpg,BEKDN
2556.jpg,VGPVH
6889.jpg,CANHT
1189.jpg,CFFPX
3214.jpg,AUBDH
952.jpg,XDGBY
5525.jpg,UHXCG
6029.jpg,EHHUP
105.jpg,UTDPE
2932.jpg,XCGCU
7029.jpg,HWMEC
5844.jpg,GYDFG
2236.jpg,TXKBC
5398.jpg,HMANG
2593.jpg,HDCAA
5729.jpg,EUVRX
376.jpg,HFMTR
6524.jpg,WWYWU
3262.jpg,KEKFA
3881.jpg,ARPBC
6947.jpg,VRBDK
982.jpg,EPNDM
2971.jpg,CNYFM
5409.jpg,CVXDW
6212.jpg,MUNTM
1105.jpg,TTCMG
1083.jpg,EKCYM
3768.jpg,FXVYD
2928.jpg,XCKUE
2130.jpg,DWCGG
1767.jpg,HBNVH
2136.jpg,BMKHV
6654.jpg,CXKWP
5025.jpg,HNDXG
4204.jpg,PXCUE
3903.jpg,NWYDH
7972.jpg,VEEPY
7530.jpg,THPYX
4483.jpg,FNRDG
2180.jpg,PRXGA
364.jpg,WPFTX
2348.jpg,BEBRR
2467.jpg,ACXEE
7628.jpg,WVUAE
6054.jpg,ERNUA
3164.jpg,FYEVC
2613.jpg,PDCXP
3966.jpg,BXGDF
307.jpg,VWFAH
316.jpg,HBBEK
4429.jpg,MDPPP
2797.jpg,YAPTV
6030.jpg,VBRTM
6490.jpg,BENWA
1574.jpg,PHGHT
1613.jpg,MCBWX
2838.jpg,GBMMT
4064.jpg,NBAAW
3527.jpg,CETEB
7106.jpg,YPWVV
2429.jpg,UAAPG
2504.jpg,WKBAX
1092.jpg,MHAWF
1751.jpg,UWGBE
3676.jpg,XUTTK
1168.jpg,DGFKV
1902.jpg,WYDRH
7872.jpg,NHNWG
217.jpg,DDKDE
1691.jpg,PGAHY
1480.jpg,HRPUX
1439.jpg,XUXAA
1628.jpg,REVPG
7293.jpg,GMDAR
6392.jpg,XTNYT
1151.jpg,MPKAF
3288.jpg,HPTKB
6310.jpg,PDDTV
3994.jpg,NMAVG
4113.jpg,TFFUR
6849.jpg,PGYRE
2602.jpg,KFRRE
2013.jpg,MGUWA
3959.jpg,NPTGB
6563.jpg,DPVHN
3188.jpg,YXRCD
1242.jpg,FNYBM
302.jpg,TRHHA
1129.jpg,XNDMT
1004.jpg,CKRAX
2349.jpg,KFPRD
4986.jpg,YMKKC
3579.jpg,XVTXP
5237.jpg,GXMHR
4667.jpg,DAXXH
4295.jpg,DRMGG
1833.jpg,DGMVD
1033.jpg,VWXEM
5752.jpg,HRARA
381.jpg,XGHMM
1380.jpg,FWAEE
3617.jpg,URRNR
3075.jpg,VBTYG
226.jpg,KCXTC
4289.jpg,XCDDB
5966.jpg,YADRR
4715.jpg,RWTCF
6434.jpg,BENDE
2678.jpg,RFRDD
756.jpg,CDUFV
1566.jpg,BUTGT
4428.jpg,KNACK
2694.jpg,DYMXU
6750.jpg,YTCYN
5840.jpg,EDWXB
3413.jpg,XTXEM
907.jpg,FVVDB
1066.jpg,VFRER
1917.jpg,FMKCW
3377.jpg,WPFNG
2308.jpg,MHKEM
2741.jpg,YNYMX
5562.jpg,BWBUV
3968.jpg,YPGKM
496.jpg,RHURB
1313.jpg,CYHEH
2997.jpg,GKCTV
1104.jpg,HVUBY
4087.jpg,CABYN
1949.jpg,YBPUU
5553.jpg,RYARG
1052.jpg,YPHGF
7254.jpg,MYRTU
3740.jpg,WXCPW
6315.jpg,CMYBW
3540.jpg,NFRPH
1481.jpg,GRMEG
3367.jpg,UDHET
6986.jpg,XCRRD
977.jpg,RRTTM
3763.jpg,YGGTF
5590.jpg,RFBNV
3597.jpg,KDKPN
3558.jpg,VYCTT
7883.jpg,EMKDA
312.jpg,MDCRK
4179.jpg,NKEWN
2976.jpg,ECKHF
287.jpg,GYUMP
4634.jpg,WFPPB
3056.jpg,BYUAG
2742.jpg,HDPAC
3507.jpg,DCAVY
4245.jpg,NGDXH
412.jpg,NMWWG
6055.jpg,NWXTF
2916.jpg,GWKKP
2554.jpg,HEHKT
1896.jpg,EFBBX
6601.jpg,UXGCK
1681.jpg,WWMCD
1713.jpg,YKMHU
5666.jpg,MXEXB
3357.jpg,DHCXU
1288.jpg,CXAKV
1513.jpg,VNMRB
7616.jpg,BYERR
4901.jpg,AUMHR
1440.jpg,GATAD
2855.jpg,FMERW
7124.jpg,THPDD
141.jpg,CMUBP
6638.jpg,EPPKF
2470.jpg,YRWRW
3852.jpg,FBVYY
6025.jpg,EHVAT
1649.jpg,VTYMH
1453.jpg,WWBBP
2376.jpg,FYGHT
6937.jpg,HHVGR
5005.jpg,EMDDW
246.jpg,RYFHP
3479.jpg,ADYWB
3637.jpg,HVDBB
7681.jpg,UNNMA
3032.jpg,HNAAY
1904.jpg,BMYUK
1185.jpg,GYBKF
1534.jpg,KAAEN
1146.jpg,NABGB
5703.jpg,HAMAT
2411.jpg,AEKTX
5448.jpg,BNPFB
2051.jpg,XYVEV
7882.jpg,ATDVC
6131.jpg,AFXDN
6503.jpg,TKFYH
125.jpg,AGVGP
3834.jpg,TRCXX
1834.jpg,TBXMU
6804.jpg,GXHGU
191.jpg,YKDRF
7385.jpg,MYEVK
1651.jpg,WCUGH
2703.jpg,PUPUN
1610.jpg,EYGAA
6513.jpg,TCXMC
2724.jpg,GUXXD
035.jpg,GPDWA
2336.jpg,TPMBY
5872.jpg,FVGKK
3285.jpg,BRTFY
3887.jpg,RWMUE
6897.jpg,BUPWH
3571.jpg,DBGKH
6583.jpg,MMXXV
1932.jpg,NHRMG
3806.jpg,MTEVG
7645.jpg,CNAAV
1011.jpg,PNYUV
2113.jpg,KVFYM
7899.jpg,YXUPA
2679.jpg,YKPRT
1171.jpg,VDCDN
1034.jpg,BEHPA
470.jpg,FVMDE
3192.jpg,MYYEM
045.jpg,XKERF
4654.jpg,TVMWT
1182.jpg,MUXKM
3478.jpg,HHCDD
294.jpg,GRCVN
1725.jpg,CPAXG
1274.jpg,VEXDR
5498.jpg,UMKGU
2182.jpg,VDYGG
2356.jpg,WCWXE
4340.jpg,PVNDG
2681.jpg,FTRHG
4034.jpg,RMYBR
841.jpg,EXKTM
2454.jpg,VKBNT
3466.jpg,ADUPR
4189.jpg,HRAGF
6466.jpg,ABFDE
6815.jpg,ARWKE
1839.jpg,NANHV
7718.jpg,GVMHD
437.jpg,RKFVU
2884.jpg,UXXUH
1199.jpg,BTAXY
1413.jpg,DPXGD
6609.jpg,DHKVE
2030.jpg,ADGWV
3087.jpg,DHMRE
1379.jpg,ARTRA
4524.jpg,AHTTE
2937.jpg,WCRKD
3710.jpg,KGMBP
4130.jpg,DMNBB
3439.jpg,VYCMW
4431.jpg,CDFUM
3206.jpg,XVDMT
1402.jpg,TWBYK
3647.jpg,NBRPV
3774.jpg,NWFVA
4280.jpg,CRFEV
3156.jpg,KTKWK
3368.jpg,FBHXG
4146.jpg,DFPKM
280.jpg,XGPHX
2212.jpg,KVMYM
583.jpg,GFERX
3528.jpg,FGRDM
5059.jpg,DBKYU
319.jpg,BTCWX
5020.jpg,BTMGW
3012.jpg,PFUPW
5253.jpg,FARWT
1243.jpg,THMKE
7453.jpg,FRNEP
4476.jpg,FYPBD
5430.jpg,KPUVM
7337.jpg,WYAPM
3487.jpg,MUGYP
6110.jpg,FBVNK
3734.jpg,BUVGK
5186.jpg,KGENA
3828.jpg,NGANB
3024.jpg,CUXVF
2810.jpg,WBPUA
6789.jpg,AGBPK
1778.jpg,DHDHF
7220.jpg,TUDHN
1963.jpg,YTWBF
7548.jpg,HUKNC
5210.jpg,BNGNX
6948.jpg,HRNCF
4114.jpg,YPBMK
6765.jpg,VMYCK
939.jpg,DNVEU
7042.jpg,VBCVT
3171.jpg,XYCBG
3244.jpg,BYRVX
6187.jpg,YKCYD
4182.jpg,DMAFF
033.jpg,YBWPC
806.jpg,NUNHY
7580.jpg,NURMK
4379.jpg,VCCNB
2875.jpg,UNMXN
4668.jpg,EPABE
231.jpg,WACAG
7719.jpg,PWVPH
3948.jpg,AMUTW
4073.jpg,BECKM
6142.jpg,PCPMR
4670.jpg,AXXXX
7982.jpg,AYTER
2909.jpg,AGPFH
2936.jpg,FXDDD
4576.jpg,CHHUB
225.jpg,RYNYC
101.jpg,WCDUP
014.jpg,UBFRA
1089.jpg,PUCWR
3072.jpg,BUXNB
3703.jpg,UHKPF
1154.jpg,DUTWX
2731.jpg,PUEWM
300.jpg,KAGMH
4999.jpg,XETKY
2587.jpg,HPPDR
4955.jpg,UYYWR
3633.jpg,NKKVM
7517.jpg,FGDXT
2715.jpg,XVXPH
4940.jpg,GGPFW
343.jpg,HARFW
3732.jpg,HGEFU
3975.jpg,WPDEY
3095.jpg,DRBPD
2255.jpg,XWMTA
4045.jpg,BFXMY
4907.jpg,GBNGH
3750.jpg,DUNPR
7744.jpg,XHUHP
410.jpg,VVUDP
3111.jpg,KTBWW
6742.jpg,UUMYC
3461.jpg,HBEUH
1209.jpg,EKURV
3316.jpg,XWXTE
2002.jpg,UTPGE
3599.jpg,XHCUK
5021.jpg,WMHTB
1773.jpg,HKNCX
2619.jpg,UXEVR
3679.jpg,RRBDB
3917.jpg,GDCXX
7145.jpg,EWXAG
7095.jpg,RCUKC
5039.jpg,FBWCU
1025.jpg,PTYMN
2646.jpg,WTWPH
1231.jpg,DBVAT
2621.jpg,VDDRE
6822.jpg,MMMTP
6252.jpg,AXWXE
2379.jpg,KAGVK
071.jpg,APNGY
2215.jpg,YTBRR
5217.jpg,UBKAF
2933.jpg,DKKXW
7843.jpg,NXFEH
6898.jpg,FVUTE
4264.jpg,GBRRV
1569.jpg,PFTFW
2728.jpg,CNKBE
4393.jpg,XPPFE
2549.jpg,CNKAP
422.jpg,MRACR
993.jpg,XAXHX
3943.jpg,GWNWC
7394.jpg,KKRRU
631.jpg,GTWHV
2070.jpg,WTMEN
1864.jpg,AFAFY
1214.jpg,TMNRN
205.jpg,DFVRU
1405.jpg,MAMHW
1781.jpg,KDKAA
015.jpg,FMGXC
1958.jpg,UMERP
2094.jpg,BVCWW
7204.jpg,XEVRF
6637.jpg,CBCFT
2240.jpg,BRCAM
1148.jpg,EAYPX
2270.jpg,BBYMD
1155.jpg,YHDMR
6795.jpg,WYFTC
1618.jpg,AVFEU
2367.jpg,TPTDG
6930.jpg,FUVKA
7030.jpg,FYFPH
5303.jpg,PGARE
3683.jpg,UYBKY
5472.jpg,AFNRU
3573.jpg,WDXPE
1357.jpg,TUECC
6368.jpg,UTUFV
4548.jpg,VWGVB
2450.jpg,NDHKP
5924.jpg,WKVPW
2339.jpg,BHMBA
3520.jpg,UVWVE
4205.jpg,PPVPR
4799.jpg,RAPUT
3678.jpg,WYVVN
3693.jpg,PGFRH
2771.jpg,FMYKB
5791.jpg,EWVAU
3563.jpg,KMUND
257.jpg,UDFPF
5681.jpg,UVUGG
3880.jpg,XWMKG
6088.jpg,DMYCA
1570.jpg,CUFGX
424.jpg,NNFYU
1614.jpg,WBBTX
1395.jpg,RVUTE
2829.jpg,WENYV
116.jpg,KEKPC
4421.jpg,GYPYW
2850.jpg,UTBFU
6423.jpg,PKTBD
4013.jpg,WYWKB
3603.jpg,VHBXE
2567.jpg,FBDFX
1887.jpg,NYWXH
3499.jpg,VVTVN
4334.jpg,DFDYU
7311.jpg,EXVKM
6730.jpg,MMRPC
4003.jpg,YKRPK
6899.jpg,XPDPA
3186.jpg,HNMNP
1150.jpg,MDMMC
5122.jpg,RKTFK
1639.jpg,RYTAK
5030.jpg,NMUTP
5700.jpg,WRAHV
3299.jpg,MYUEV
102.jpg,AAFVD
4093.jpg,YHRKR
371.jpg,BPXVE
5755.jpg,NMAPB
411.jpg,UAUWU
1678.jpg,TAMWU
5679.jpg,TKPBK
5249.jpg,HHURE
3121.jpg,WMNCW
6861.jpg,PDVNE
1823.jpg,FXRVY
7229.jpg,GHNPM
506.jpg,KXXMK
1736.jpg,PFMWE
2246.jpg,PYUMX
4698.jpg,TEDCB
5187.jpg,FFREC
1093.jpg,NGFGT
4680.jpg,TDXRT
1436.jpg,GUYRN
4033.jpg,UTHCB
2313.jpg,KDFPY
1536.jpg,UVXTE
1082.jpg,TGYPF
2966.jpg,RREAR
7673.jpg,MYBAF
7107.jpg,EHXDE
5104.jpg,NCWHH
6042.jpg,RUNGW
1965.jpg,PYAAF
111.jpg,YXYUT
1770.jpg,CVFHD
2176.jpg,TXFAU
2410.jpg,KMUNY
237.jpg,UFEWU
048.jpg,GKCTE
2483.jpg,FGYCH
4325.jpg,ACRFX
2359.jpg,DGRNE
5828.jpg,GTFPK
2603.jpg,RFAPB
2844.jpg,FAPPY
6779.jpg,RHWFN
2851.jpg,MYDCC
4455.jpg,PHAGU
5458.jpg,KRHTH
4579.jpg,GMYCK
7092.jpg,GRCEU
3151.jpg,MMPPH
1271.jpg,HWTWV
2888.jpg,CTENB
2612.jpg,BUDRW
289.jpg,URAVN
5013.jpg,MMGRK
2759.jpg,WYVBR
2442.jpg,TVMGG
2956.jpg,CDNXF
3754.jpg,WAFFN
2780.jpg,KUETY
5869.jpg,CRGFH
1135.jpg,GFVBH
414.jpg,TYHMX
2530.jpg,CTAHU
5190.jpg,CEWWN
7716.jpg,YGPMT
1638.jpg,DAHXC
6607.jpg,UUTBC
3564.jpg,YRRTC
5985.jpg,YCGRF
6844.jpg,EMXDP
6493.jpg,XWKWE
1298.jpg,NVXCB
3238.jpg,YYEGD
5938.jpg,KPDBK
380.jpg,DMTFT
5045.jpg,WHNDD
2430.jpg,GEENU
7606.jpg,WXATY
216.jpg,NRCRB
2868.jpg,GNWPX
3391.jpg,RGNBC
4400.jpg,GDYEE
1515.jpg,VMEAC
3631.jpg,FDETG
4904.jpg,KNHRY
1312.jpg,VXMKF
4699.jpg,UNEXD
1687.jpg,MWXUR
1259.jpg,FDWDG
2010.jpg,NMRXM
2578.jpg,BVFKH
5330.jpg,BGYRF
2854.jpg,CDMDN
7906.jpg,BKRGF
3541.jpg,XBAKD
1491.jpg,KMWPR
4675.jpg,VCENC
1167.jpg,FXYAR
4105.jpg,FYNCX
2967.jpg,DEHKB
1785.jpg,ETANM
4497.jpg,UMFKF
849.jpg,BWAMU
2153.jpg,YAAYW
1297.jpg,HXAYT
7787.jpg,ATCMU
937.jpg,FYKXB
4439.jpg,DVTEE
2522.jpg,RGPRC
5829.jpg,HMKKC
2417.jpg,PCYBT
4578.jpg,YHPBM
5719.jpg,NEDYB
4452.jpg,YEYUD
1906.jpg,KHBBG
608.jpg,RYHYX
2503.jpg,KPVRH
2917.jpg,DHRVD
1207.jpg,GFBGR
2555.jpg,EBRKA
1270.jpg,DGHAB
1960.jpg,AXATT
2262.jpg,WPBYR
2906.jpg,GDFUV
1843.jpg,EVGRG
209.jpg,FTHGV
3256.jpg,TCUVU
050.jpg,XAKEN
2775.jpg,WMNYC
2346.jpg,ARWPP
1935.jpg,YWNAY
7626.jpg,HDFMH
7867.jpg,EHDTC
1853.jpg,URKCE
2652.jpg,EWXHY
5874.jpg,HKVBE
1608.jpg,EVDRK
3326.jpg,FHEHB
430.jpg,FFGKC
1391.jpg,WNXBU
2383.jpg,AFTPK
7596.jpg,GNEBB
3993.jpg,VCVRB
3587.jpg,VWMXE
7442.jpg,MYMED
3051.jpg,NPMKY
2840.jpg,AHVTY
6087.jpg,HTTNU
4905.jpg,VBCUX
3892.jpg,NPMDD
1181.jpg,XHHHC
055.jpg,PFUWK
3596.jpg,MUGBU
6052.jpg,BMHED
796.jpg,AVAAA
2666.jpg,CXXXC
3853.jpg,HMXVH
2358.jpg,BWKAF
5635.jpg,NENYP
4253.jpg,YVEGF
5585.jpg,FBNDU
2185.jpg,YHXCK
4214.jpg,EBGHE
2452.jpg,PVHTD
6613.jpg,UXGWR
2498.jpg,NBYFD
4312.jpg,UPEFU
4384.jpg,HDUPP
1275.jpg,ANUBD
1646.jpg,HDTEY
1565.jpg,EBMUT
6126.jpg,YTAUU
2931.jpg,HUCVE
1863.jpg,ENNXE
3440.jpg,BDMYR
1166.jpg,NKMVG
7821.jpg,CWBTM
6455.jpg,TUVYK
1299.jpg,WNHPD
4900.jpg,ERMXN
1072.jpg,XCWKW
6811.jpg,DXCDF
3128.jpg,KWXAK
6116.jpg,DTGKM
6107.jpg,FUFGD
6910.jpg,NTVPY
5382.jpg,BYWFD
3425.jpg,HPCBC
6896.jpg,BHHGV
5314.jpg,BMNCG
4535.jpg,EABFV
1170.jpg,WCVPT
4933.jpg,KNUHX
1485.jpg,DUENR
3714.jpg,UEKKU
5338.jpg,YPXXK
2234.jpg,RUNHM
5520.jpg,FBVCB
3139.jpg,KCRAD
1147.jpg,DPMWA
5278.jpg,KGBKW
2863.jpg,BHEMX
2141.jpg,RBFVY
1523.jpg,RYXEF
7794.jpg,UTYCY
1995.jpg,FDPWB
7644.jpg,HRUYN
140.jpg,EDKGR
2282.jpg,XNCUH
1055.jpg,WYYXB
2019.jpg,KUYNV
1980.jpg,PFCKN
247.jpg,WEYYT
4291.jpg,PHVGA
1955.jpg,UHNXY
7597.jpg,EFYNP
7226.jpg,WAPPH
3037.jpg,NFHEU
4596.jpg,CAEYC
1418.jpg,EWACB
5835.jpg,CUWHU
6957.jpg,FKTCT
7443.jpg,FHEFY
1203.jpg,ABGDV
7207.jpg,UVRBV
1352.jpg,WFTAU
2337.jpg,YMRAD
088.jpg,BTVRH
4888.jpg,MVKFU
7859.jpg,EDYPX
2835.jpg,WNCPP
3872.jpg,NDKUW
3835.jpg,YAGND
4152.jpg,XNNAE
7844.jpg,NWTPR
3373.jpg,GWFGT
2101.jpg,BFMPB
6127.jpg,NXNGH
5235.jpg,MAYBG
4620.jpg,KKNNX
6094.jpg,GVMPR
5538.jpg,HYDNH
6144.jpg,HHADE
1979.jpg,FRXUW
1647.jpg,EPMTG
1152.jpg,FNCTR
5232.jpg,FDADD
1612.jpg,VAVTK
3658.jpg,YMNCU
220.jpg,RWFPR
5100.jpg,PAEMN
1494.jpg,TEXTR
1111.jpg,MTATB
1914.jpg,VTTAB
6582.jpg,GEMXU
1551.jpg,NGPNW
431.jpg,BWDEV
1716.jpg,DYUTW
6335.jpg,VDHRA
032.jpg,FHXVX
3756.jpg,TPTVK
5890.jpg,VGDKN
1637.jpg,TPCUP
4819.jpg,XXWPM
4826.jpg,FDADA
4351.jpg,EYDTT
2297.jpg,VAXMF
5339.jpg,AEHTW
1482.jpg,NXRAD
1656.jpg,PWPXF
1994.jpg,EVDUH
3315.jpg,DRDGY
2735.jpg,KYHCR
3640.jpg,DCKKW
4684.jpg,THWYU
2341.jpg,XYBWC
345.jpg,XVNFE
1224.jpg,UDHXG
2862.jpg,RXRGC
5763.jpg,CAEVR
4988.jpg,KVVUY
5677.jpg,TPMRW
3067.jpg,FRTWA
558.jpg,HVBYP
7143.jpg,BYEVG
836.jpg,VEUBN
5296.jpg,UVBRU
3477.jpg,XRHAW
1944.jpg,BNNDH
4696.jpg,EBFRG
4192.jpg,GKUKV
2004.jpg,EPPPN
3131.jpg,TVACT
179.jpg,FBADW
3867.jpg,PUVDW
1102.jpg,HBECH
462.jpg,FPYBF
455.jpg,KEVXR
2114.jpg,XUYYC
2874.jpg,EDBCU
1342.jpg,XXVEX
2124.jpg,KGUUN
1353.jpg,GKPME
5834.jpg,YXYVT
5234.jpg,FABNT
3713.jpg,YBGER
5582.jpg,XFXYG
7122.jpg,NYNGG
5980.jpg,GREXT
4896.jpg,YCPXH
5171.jpg,NCCRR
1701.jpg,GWDTH
6552.jpg,UHYFG
2656.jpg,AFBWB
7889.jpg,ADRGM
2577.jpg,PFRNX
2203.jpg,ADDMM
3268.jpg,BANFC
1787.jpg,CKCGC
7962.jpg,CNBKX
3267.jpg,VTEAH
4463.jpg,HUWPH
2092.jpg,CAXTG
4374.jpg,RNEGP
3176.jpg,ERUKH
6186.jpg,WPEAA
2995.jpg,TFYMB
3416.jpg,WDTYR
6377.jpg,WRGPV
7835.jpg,RAUAB
3489.jpg,KBPDG
4638.jpg,ECAHF
1051.jpg,DHHXT
3974.jpg,CTDTD
6080.jpg,EEMRT
4749.jpg,TMUXG
4607.jpg,KUUBR
1905.jpg,KDTAN
2777.jpg,TXFGC
7317.jpg,EDMWT
4271.jpg,GBGVH
1356.jpg,DPKVR
1077.jpg,DGWGM
5264.jpg,KEWGN
342.jpg,YUDRK
238.jpg,MMCPG
4225.jpg,FWAKU
5986.jpg,VERWB
7516.jpg,BPTCC
2856.jpg,KXENB
3505.jpg,FADWM
5922.jpg,NUYMM
1225.jpg,PUTDC
5888.jpg,PBCPK
6719.jpg,BNXED
4287.jpg,AFCMM
7439.jpg,TEUEB
895.jpg,ARBUH
4416.jpg,NNARP
1215.jpg,RANRR
3965.jpg,AYVPX
2045.jpg,KEYVC
4924.jpg,PYCMY
4971.jpg,VMEEV
3307.jpg,MMTVN
2732.jpg,DXAXX
3460.jpg,HVCYV
1208.jpg,TBYNK
3094.jpg,XCVTB
2821.jpg,PFMYH
6874.jpg,RVGXX
7098.jpg,GXECK
2167.jpg,NYVNW
6248.jpg,DAEFV
3369.jpg,UBVEE
2586.jpg,NFDTD
6843.jpg,XPRNV
4134.jpg,BGBPG
5736.jpg,KKTKX
7344.jpg,YGBEU
4386.jpg,GVCDV
1698.jpg,TNYVE
6108.jpg,GPDPR
359.jpg,XGXTA
1047.jpg,AURRU
5952.jpg,YKRWF
7529.jpg,XMANP
1346.jpg,AFKDP
171.jpg,KXCTM
375.jpg,BWWPX
2214.jpg,RKKRR
4381.jpg,ENPWH
6019.jpg,MHWRW
3291.jpg,CTUMK
2648.jpg,DBGVE
7976.jpg,FXRHV
7534.jpg,KUVAV
1098.jpg,MTCCU
3521.jpg,TTWAH
360.jpg,TFGCB
3951.jpg,EEMED
3916.jpg,VYDRH
6978.jpg,KKNND
7901.jpg,WVREE
3016.jpg,VGGEG
2054.jpg,AWXKP
5316.jpg,GVATW
469.jpg,UXVMA
2408.jpg,ECWDC
1049.jpg,DXMPV
1076.jpg,PHXMR
1358.jpg,GYDWY
239.jpg,YVUAA
2360.jpg,BAWMG
3810.jpg,RKHNW
4365.jpg,NGPET
5655.jpg,TXTAE
6089.jpg,YTXWD
4224.jpg,ENBBT
2321.jpg,HEUCC
1086.jpg,HTGCC
3201.jpg,ENKAK
5265.jpg,MGDUT
7170.jpg,GCRYA
4436.jpg,XVAFY
3470.jpg,XVNYN
1277.jpg,TGHBR
5311.jpg,BMNGB
1065.jpg,XGTFA
6044.jpg,UBBWC
1898.jpg,RYDRC
4614.jpg,XDTFK
6162.jpg,HEWBX
2608.jpg,DMDNX
7437.jpg,KYADB
1502.jpg,VFDHR
2894.jpg,YCFBG
4321.jpg,VEKHF
188.jpg,GYNKH
5849.jpg,MHDWR
1714.jpg,PTRDW
4406.jpg,UUBED
4417.jpg,RMPUK
1009.jpg,WPEDC
4772.jpg,TAYCD
4232.jpg,REKGA
3306.jpg,ERTFE
3048.jpg,NMYCC
4335.jpg,DFVKX
5248.jpg,HBCDU
2616.jpg,XVHYN
2392.jpg,WVHUM
3705.jpg,HTDEG
4811.jpg,KREXV
4387.jpg,RUDFK
2204.jpg,KNPRU
1964.jpg,VUUWH
1321.jpg,KXNEU
240.jpg,UGKUU
4845.jpg,CABTP
5754.jpg,YUVNE
1679.jpg,BMFMW
7600.jpg,YDYGU
3224.jpg,DFDAP
3554.jpg,UTWWN
7284.jpg,BVRTR
6610.jpg,XTTYB
2056.jpg,WPKFN
2699.jpg,WVGWR
3314.jpg,PVMRT
170.jpg,CGRYV
7014.jpg,DDHYU
6337.jpg,GRXRY
011.jpg,CWRWB
7764.jpg,NCDEW
2077.jpg,MXCNH
5953.jpg,GUKCE
7456.jpg,YGGUV
391.jpg,CNKFT
1509.jpg,CDADM
7799.jpg,PKNKW
7665.jpg,HWWTA
2177.jpg,GCDRY
6431.jpg,DUYXF
3468.jpg,PEKGM
2490.jpg,TDRAA
2540.jpg,WVNMK
3602.jpg,PHXME
4437.jpg,TRCBW
4454.jpg,EXFDM
166.jpg,GPVNG
6447.jpg,HGNGY
5081.jpg,DXURV
6043.jpg,VWAAK
2978.jpg,FYHDC
3531.jpg,BUUTB
1108.jpg,KRXYY
2660.jpg,YFHTY
7916.jpg,APCVF
4555.jpg,AKUWX
714.jpg,AXNGY
4890.jpg,WWBDT
6731.jpg,AFATR
4092.jpg,EDEAX
358.jpg,FTAEA
4540.jpg,NHPYB
1956.jpg,FGWHU
2654.jpg,YPCDB
962.jpg,FGVNY
1360.jpg,VNATF
6921.jpg,MWENH
2957.jpg,MDYPU
093.jpg,WMFYK
5451.jpg,KVCWX
5361.jpg,HYWBM
2902.jpg,PBVVP
1741.jpg,RGHME
4945.jpg,XBMKP
1940.jpg,FMFCR
1081.jpg,KDGCB
3246.jpg,YKXHV
1320.jpg,VTCGC
4222.jpg,DMRTE
4148.jpg,MWPDK
2757.jpg,RMHGF
3687.jpg,CYGDC
7533.jpg,UYBYH
6390.jpg,VFCTE
367.jpg,AHYPD
3337.jpg,ECYUV
016.jpg,HRHTK
5044.jpg,ANBMK
3592.jpg,EFTXP
4852.jpg,DABXM
3040.jpg,HCDNG
7433.jpg,DHUBX
2611.jpg,XEKDT
7890.jpg,EFUEY
3843.jpg,AGKHC
3565.jpg,EFTXN
1512.jpg,CHGXE
049.jpg,YYGWW
6529.jpg,HMFVE
4042.jpg,VXMCF
3300.jpg,FTNRK
6492.jpg,RDANB
2443.jpg,PRWMY
7326.jpg,ANPAV
4017.jpg,NGDND
5893.jpg,VPGAB
3650.jpg,HRNRE
4297.jpg,HRBUG
5993.jpg,XYWWV
2127.jpg,PEMFF
5910.jpg,HXNFH
3323.jpg,RXKUG
2667.jpg,XBGGA
2579.jpg,WAYBY
7381.jpg,KCHVW
3266.jpg,CTDAN
6336.jpg,EWEVC
1943.jpg,RGMYT
176.jpg,PWMAB
1986.jpg,FNDMH
3782.jpg,TXCAY
4842.jpg,BAKPF
3375.jpg,VNVVP
3342.jpg,TKAXF
3405.jpg,HYEWE
2265.jpg,BBYXN
4260.jpg,CTNKC
1143.jpg,TMKKP
2057.jpg,MHMPP
1041.jpg,TYUUA
7247.jpg,PYVUH
3071.jpg,YMCNR
7655.jpg,ETUGN
3553.jpg,RUAWW
1354.jpg,GTUWX
1900.jpg,HMAUN
7838.jpg,PDWEY
5718.jpg,UHGRE
1815.jpg,CVKBB
1669.jpg,KXXRY
340.jpg,FENVU
1015.jpg,WPNXK
2184.jpg,XUMBC
5734.jpg,PRRKC
6755.jpg,EKUGV
2881.jpg,MHTTR
7690.jpg,NCPUD
5219.jpg,HBXHB
726.jpg,YYYPV
7702.jpg,MYCYY
3162.jpg,KHXYG
1079.jpg,BVPRF
3895.jpg,DBVNM
3041.jpg,XREWW
2961.jpg,PAXXK
4252.jpg,UTAWT
2905.jpg,CYPFK
2547.jpg,DXBFY
3399.jpg,HDCPK
2322.jpg,PTXVA
4344.jpg,NYTBX
5588.jpg,UHVXP
2685.jpg,WBDHX
5222.jpg,PFPHC
1495.jpg,HKPBA
3231.jpg,GWYKF
4373.jpg,XMGGY
3322.jpg,MFMCD
6968.jpg,BPXBF
2157.jpg,PUGPV
3309.jpg,NTVXM
7133.jpg,DPTYB
064.jpg,GTEKM
5014.jpg,PGRDB
1658.jpg,WMUXM
7427.jpg,ERYYD
930.jpg,TNCUA
5696.jpg,UXNRY
6036.jpg,YDGDK
3595.jpg,YYNXP
5708.jpg,VNETY
2950.jpg,NAEHT
1117.jpg,RXGMF
2018.jpg,CTVEE
3078.jpg,EXDDX
7866.jpg,YVMHR
181.jpg,GTHCP
2083.jpg,MFDNB
2293.jpg,PWECT
3593.jpg,RRYXN
6683.jpg,YRDNU
301.jpg,UHCVP
3196.jpg,XEUYN
089.jpg,ABRPY
6501.jpg,VXVXB
110.jpg,NFCTU
3827.jpg,HTMRY
2283.jpg,VDVCM
4122.jpg,PEHRB
1775.jpg,TFEXN
3673.jpg,GUFDC
5600.jpg,CVMTC
1539.jpg,EVPFC
4472.jpg,GNVBT
5927.jpg,MWDMT
7159.jpg,PPYRF
2571.jpg,AWVBC
2058.jpg,RWYVG
3863.jpg,MWDKM
423.jpg,TYGTV
7473.jpg,RUMPN
5202.jpg,WUTGB
5063.jpg,BPXHE
260.jpg,BFEFY
6026.jpg,HBEKE
3619.jpg,HWWCA
3308.jpg,GDXEY
2834.jpg,MXCKY
6943.jpg,RMBHC
1160.jpg,PUYVF
3873.jpg,CXTHD
1583.jpg,WBYDB
4942.jpg,XBGKF
1002.jpg,UENHY
4800.jpg,NHPPV
6180.jpg,HVYUX
1144.jpg,BWTFB
259.jpg,YXNBK
6565.jpg,MARTD
2022.jpg,GUKHM
1812.jpg,ABXKN
7184.jpg,UGRYD
1677.jpg,NVUXD
2729.jpg,MXXCF
1847.jpg,RPRAB
7026.jpg,UDKWU
388.jpg,DUBCK
4560.jpg,AKYBN
4688.jpg,GNRWU
6579.jpg,KTMPC
4089.jpg,VYBEG
3284.jpg,CXYDT
5504.jpg,VFKYR
4493.jpg,XNMDM
5854.jpg,DYHTU
5158.jpg,GUFKN
6398.jpg,DEGMF
2692.jpg,TBVGT
5946.jpg,APEAX
6373.jpg,CPMVM
344.jpg,TMKYV
7510.jpg,PECWR
6228.jpg,AWWKD
4102.jpg,ARRCW
1110.jpg,VDXVD
227.jpg,UVMET
5775.jpg,KFGVX
1978.jpg,MUNTR
7612.jpg,BGGRD
2325.jpg,DAWRY
1954.jpg,HBYCE
4314.jpg,NBYCA
3047.jpg,VXGPE
7208.jpg,DYYPT
6081.jpg,BPMGG
2179.jpg,BMCVW
1490.jpg,YUGGU
4935.jpg,ARVWY
3319.jpg,PGMAW
1012.jpg,MTCBD
3733.jpg,KPTAC
4132.jpg,CFDRF
4123.jpg,HUNAP
2958.jpg,WVTXC
3672.jpg,WDKDU
7990.jpg,MUHFP
2484.jpg,CWDCV
3060.jpg,YXWPV
2886.jpg,RNVYW
3074.jpg,CAVFR
6041.jpg,CWUDD
4621.jpg,BXDYV
6215.jpg,CXUMH
2599.jpg,NHHGP
2370.jpg,FYXXX
5866.jpg,HUWKN
6287.jpg,NPXBA
2682.jpg,BHGXV
3010.jpg,DEYNX
1582.jpg,TXEVR
3271.jpg,MECGP
6643.jpg,DKCTA
6508.jpg,XMUFV
6123.jpg,VAAMN
1479.jpg,ENYVN
7888.jpg,NFNXC
1968.jpg,AYVCW
2919.jpg,NECFD
7827.jpg,ECTRK
2298.jpg,TWEAA
3453.jpg,XMTHH
1537.jpg,APFXM
1464.jpg,PTAYB
5891.jpg,GMTUU
3909.jpg,UGBAK
3712.jpg,CAYYX
7549.jpg,WDXNG
3130.jpg,GTGXR
7445.jpg,GBXDV
4103.jpg,PKFGR
2274.jpg,YXHKG
159.jpg,MWDHN
2864.jpg,XKXNN
1099.jpg,FHBXH
046.jpg,DCYCH
2518.jpg,DPHMT
2848.jpg,RFUDM
3589.jpg,AWRPN
1559.jpg,YYTTD
3868.jpg,MRHWV
4201.jpg,AABER
1024.jpg,VHTMF
4039.jpg,VCTMP
5131.jpg,KWNUP
2892.jpg,UXAUV
6945.jpg,PXHTU
3384.jpg,DBDUV
6210.jpg,ABVCA
1641.jpg,PBGWT
3061.jpg,AFDCB
3884.jpg,NAERD
5177.jpg,AFCNF
1989.jpg,ACPXG
2609.jpg,DEWPR
7522.jpg,WGRKN
3988.jpg,DDYEH
912.jpg,PDWNU
2833.jpg,NKWBF
1504.jpg,GTKVG
3387.jpg,ENTMK
2665.jpg,HXYVH
7963.jpg,VKRCA
3222.jpg,EGPKK
019.jpg,CUMBH
3488.jpg,TTCEX
569.jpg,FRTUW
2813.jpg,HWYBH
4934.jpg,HPXXF
3922.jpg,YFWKV
4059.jpg,MTEYV
6124.jpg,YPRPY
2139.jpg,HMETK
2079.jpg,KRHTF
710.jpg,RYVMT
767.jpg,BWCTR
2918.jpg,VHPCN
1050.jpg,GFRTD
7316.jpg,TVNPG
1382.jpg,XVUAV
3283.jpg,EDVXX
2745.jpg,ATNFW
2299.jpg,YCVVT
2496.jpg,WPWMK
7991.jpg,KVHVV
3674.jpg,MXAFF
2733.jpg,APDNC
5989.jpg,CGPRP
6300.jpg,UMWKW
6365.jpg,XAGNC
1097.jpg,PRCNT
7762.jpg,YHCHY
620.jpg,GRFEG
6678.jpg,KVCAF
1365.jpg,MEDBT
1223.jpg,PGNGD
2024.jpg,UGTMM
3950.jpg,UKUYK
3588.jpg,GWEWX
3019.jpg,EFMVR
4713.jpg,HDGHA
1415.jpg,PPHNN
198.jpg,DCBYN
017.jpg,DPGKY
5695.jpg,XNPDX
6761.jpg,TNMWG
5285.jpg,RDUCW
3454.jpg,RYYXK
6570.jpg,MABXP
1754.jpg,CMGCW
2528.jpg,HRPAW
6416.jpg,AXNMN
333.jpg,MWRYR
2607.jpg,MNCFH
1799.jpg,KCEHF
7488.jpg,MKGFH
5643.jpg,BXYPA
2393.jpg,EYPPB
2273.jpg,BRVTD
5937.jpg,KPTTU
7869.jpg,FGKVX
6250.jpg,NPDYX
7857.jpg,EGACR
1503.jpg,WNFEV
2228.jpg,MTWGB
4277.jpg,WGMKH
3929.jpg,MHWNR
4807.jpg,FEGRC
800.jpg,TRGBE
1923.jpg,FDBTR
2649.jpg,XXPBT
2016.jpg,BPGFW
7994.jpg,UEEDT
208.jpg,WMBXF
1232.jpg,UVYVK
1463.jpg,VNAYD
4011.jpg,WMTWY
6825.jpg,PGAMH
2769.jpg,NFADX
010.jpg,VWMFH
3883.jpg,DMRKT
087.jpg,VBFKY
7340.jpg,VWKVA
2389.jpg,PFEHR
5369.jpg,MHPUN
5421.jpg,ARNWY
3559.jpg,KTVHX
1331.jpg,PPERW
440.jpg,YUYNB
5629.jpg,FPXTU
4562.jpg,MEPWN
2795.jpg,EBAVK
5403.jpg,HUDMY
2253.jpg,WPNBU
4223.jpg,PMXHR
5963.jpg,CCDRW
6808.jpg,EFKEF
7923.jpg,UFGUU
1734.jpg,DNXUA
3545.jpg,RRNUA
1248.jpg,KEYBK
1349.jpg,HXCKT
3018.jpg,VMXUD
1516.jpg,TMRAA
2529.jpg,MRXRX
4490.jpg,MKRKM
763.jpg,WUMRY
130.jpg,UEEWR
4407.jpg,PHWHF
242.jpg,DTYBY
4075.jpg,EEMKM
3665.jpg,MCFUA
1561.jpg,ENKAD
1869.jpg,EVNNF
7954.jpg,YTWBT
4388.jpg,PAFDA
7416.jpg,FWHCK
3301.jpg,VMPXW
4165.jpg,HFMAE
7884.jpg,WMTHC
2930.jpg,MVBWN
6344.jpg,AXERN
7588.jpg,EUTGV
4069.jpg,TBCDG
2913.jpg,KKXCK
2551.jpg,UGYVN
7164.jpg,BYHRU
7590.jpg,WUAPP
2169.jpg,ACGPM
021.jpg,GCMYN
1925.jpg,DMWRY
128.jpg,THFRP
5147.jpg,UYTFN
3117.jpg,FYVUE
2568.jpg,BCNMG
2400.jpg,HXRCT
5702.jpg,WNFKV
1112.jpg,PYDAG
3816.jpg,NKRAG
1364.jpg,HWPCA
3635.jpg,NRWUR
1692.jpg,ANRVT
1544.jpg,FAUBD
5027.jpg,YBPAP
7722.jpg,DKYCF
177.jpg,WFVBX
3107.jpg,XHXDN
3583.jpg,EXYPP
3200.jpg,GDGGM
1809.jpg,WATRN
2945.jpg,VKMHT
7347.jpg,PTHGR
3688.jpg,YCPKN
4282.jpg,DMEDK
3227.jpg,HHDEN
4636.jpg,HYBUH
428.jpg,HGPKV
744.jpg,DNUTT
2354.jpg,NRMGK
6646.jpg,WAXDY
1399.jpg,RERPD
6714.jpg,VDECW
5511.jpg,HTYHK
5224.jpg,UTNTB
1080.jpg,TMEFR
2150.jpg,NDBPB
6356.jpg,MBXGH
2042.jpg,RYTVR
251.jpg,PYCPY
022.jpg,FFAEG
2310.jpg,EUWEB
5070.jpg,UCUNK
4821.jpg,YYENV
550.jpg,AUTVN
6793.jpg,HYRPA
4018.jpg,BCTGT
4433.jpg,CEKXB
1421.jpg,BDCUN
1733.jpg,RBVHG
1563.jpg,HNAKP
3137.jpg,DHAVF
2464.jpg,YMDYW
7784.jpg,WTXWW
2085.jpg,VXRBE
2610.jpg,KGWMR
7861.jpg,ENKMW
6245.jpg,VTRRV
1153.jpg,YVMDX
472.jpg,UTXVF
3190.jpg,CFMWE
2516.jpg,ANTUN
3219.jpg,DUBHE
3497.jpg,YUXPE
3210.jpg,TKMNA
1174.jpg,AAFKM
7421.jpg,MTYTN
441.jpg,XTMAB
5571.jpg,XFWKA
1913.jpg,WGWPW
3542.jpg,RYAXU
1326.jpg,PTCWY
2671.jpg,RTWBK
6862.jpg,RXBAD
7256.jpg,UPCPD
5179.jpg,BDMWB
5146.jpg,CPRBP
1576.jpg,PUGPH
6640.jpg,DBEDV
7191.jpg,EFPFM
687.jpg,EWAGD
3964.jpg,DMWHD
1447.jpg,UPCRU
6664.jpg,UAHRM
5035.jpg,HUKMD
7691.jpg,FBWFC
2456.jpg,FEWYK
2193.jpg,RNXEX
337.jpg,NRBUU
168.jpg,KWFNA
1031.jpg,AAYKD
6739.jpg,PFTYW
3986.jpg,VBUFE
1249.jpg,WCUYH
1841.jpg,KGFTY
2414.jpg,UEDGR
3689.jpg,CUXRP
4296.jpg,THMPC
484.jpg,HFRHG
4929.jpg,HYWKE
5608.jpg,MBPNF
7058.jpg,MMCPC
3080.jpg,XXRBF
3404.jpg,PNDXN
1311.jpg,TXPPA
1294.jpg,HMMXK
1620.jpg,UFMYM
4990.jpg,CXNDT
6901.jpg,TNDFN
7397.jpg,KPTWC
3759.jpg,VPGET
3844.jpg,FYWMN
4434.jpg,ADAFN
5143.jpg,EUXCW
6170.jpg,YVUCR
4119.jpg,XDNWY
4019.jpg,VTTRH
6518.jpg,VMGVX
3218.jpg,CTPRE
1116.jpg,GCWVB
2365.jpg,HCDAY
2244.jpg,FEAKM
7175.jpg,VGCMA
3374.jpg,DXVMR
7049.jpg,CRTFF
2960.jpg,TKAKD
1825.jpg,HKUNT
3001.jpg,WCGNV
5193.jpg,VNPET
036.jpg,MBYUA
2536.jpg,MUXMU
2904.jpg,WVGND
7321.jpg,HWHWR
1953.jpg,DYBYE
041.jpg,VKEXN
285.jpg,YNVPD
3796.jpg,MFXHX
2634.jpg,NCCFK
1622.jpg,AFPFT
1385.jpg,MAEFH
7578.jpg,XWTFV
5062.jpg,CXXMR
6813.jpg,RVNWC
7769.jpg,FFGDK
232.jpg,MCUCR
432.jpg,XTDBF
5015.jpg,EBHVU
4750.jpg,MYUTB
3259.jpg,WBPPN
6078.jpg,BAUEN
3760.jpg,FRPTP
2480.jpg,BMHNM
3594.jpg,UWNPH
4279.jpg,TYDKU
6003.jpg,ABWVY
3046.jpg,XTDNB
4060.jpg,YTEWN
2857.jpg,KWVMW
1626.jpg,NCXMV
2478.jpg,GWYCK
7260.jpg,ETPUF
2302.jpg,RFWWC
218.jpg,PGWEW
2870.jpg,DRTGD
2120.jpg,URPEH
1788.jpg,MXANW
6378.jpg,KNWXC
4932.jpg,YUXNC
974.jpg,TGFBV
4640.jpg,MGVRR
5280.jpg,YNTXD
7267.jpg,GYRGF
394.jpg,CAFAR
717.jpg,AYRMV
7847.jpg,NXXBE
1501.jpg,BKHCN
3939.jpg,UAPGU
1567.jpg,XKBNG
3752.jpg,XFMUC
5366.jpg,PGAPW
5541.jpg,GXCGB
4315.jpg,NPGTW
2778.jpg,PEHKA
3443.jpg,KBTRN
2800.jpg,YDTYF
860.jpg,RVNRY
6659.jpg,PHPBV
2163.jpg,CFMVW
1071.jpg,NEHCD
3730.jpg,HBXRY
4809.jpg,RFKPP
1848.jpg,CXKXA
5470.jpg,AURGV
4774.jpg,YMGFC
6500.jpg,UYWMC
1161.jpg,VMFDX
6903.jpg,VVYPB
7622.jpg,UVWEA
3264.jpg,TENFH
1145.jpg,DPYAE
7939.jpg,HHAHP
4848.jpg,DNHBV
6271.jpg,YHHXP
261.jpg,KPKWW
1665.jpg,EAFRH
4338.jpg,AYWVM
4408.jpg,UNKXD
2920.jpg,XKWTM
6389.jpg,WAAKR
5385.jpg,WCCDV
7579.jpg,TWUWF
7041.jpg,FPHRD
233.jpg,GFVYA
2237.jpg,KFMTN
4242.jpg,NDUAW
4410.jpg,XAPGE
114.jpg,ACKHH
1472.jpg,CXBYT
6684.jpg,DNARY
1229.jpg,DUNHY
7261.jpg,KNYKY
5631.jpg,CWTAU
1334.jpg,ANPBP
445.jpg,DEMRA
5116.jpg,RFPWY
062.jpg,KGTYE
2727.jpg,XDKDD
7205.jpg,PKWMN
056.jpg,PYGVF
3493.jpg,BTHTG
1783.jpg,AABVU
6775.jpg,GMPDX
3818.jpg,VRFWB
7964.jpg,CEKDA
5906.jpg,GVKRH
6944.jpg,DHRPC
4174.jpg,YWRFX
1276.jpg,WPETV
4950.jpg,BTVGH
613.jpg,YEUKE
378.jpg,GEXUG
634.jpg,BWDBW
7451.jpg,HKAHG
1211.jpg,CHVDN
1625.jpg,HRXBP
7474.jpg,TFKXE
7806.jpg,GVEFY
5294.jpg,BCDFM
7444.jpg,CBBUH
5281.jpg,UCBNV
7006.jpg,DUVFK
1178.jpg,BBGKW
1719.jpg,KKEDN
1939.jpg,TKCDK
2773.jpg,KFNNP
6178.jpg,PDHDY
1285.jpg,TCXYN
1400.jpg,PFXRF
5812.jpg,MDWDD
2959.jpg,FVPNT
1384.jpg,DMMRK
018.jpg,EWTEX
4531.jpg,XAFUC
196.jpg,KKWEC
2519.jpg,CWMND
4918.jpg,AVYHT
3321.jpg,GHWNK
1670.jpg,CBKUU
1640.jpg,ATTXN
1849.jpg,DAAFM
323.jpg,WVXTR
4133.jpg,GEDKT
4022.jpg,ARGKB
2189.jpg,ACBAY
3318.jpg,KGYBC
3675.jpg,UUMWN
1392.jpg,CDARX
5411.jpg,RNWUN
6886.jpg,GRAMT
1121.jpg,PCCYP
138.jpg,DDKUK
2750.jpg,YNXFE
335.jpg,YHGHG
113.jpg,ACAND
2353.jpg,TAKBU
3801.jpg,TFTVW
3989.jpg,WAFTA
5284.jpg,ADRKV
444.jpg,TFUBE
6097.jpg,TMENK
568.jpg,KUVVG
2812.jpg,WFRKX
1328.jpg,PCUHA
4683.jpg,EWADD
7629.jpg,AHHFT
3785.jpg,RHDKK
1505.jpg,YKURW
2260.jpg,MRAUF
2507.jpg,KFWFX
3500.jpg,FNPGD
3011.jpg,WCWKG
2865.jpg,XCXHP
3423.jpg,VTWWE
6830.jpg,DFWFC
3144.jpg,YEWNC
5117.jpg,WPYBM
1366.jpg,GNBHD
1737.jpg,EKXAK
2972.jpg,KPMHA
2630.jpg,HVAGN
7348.jpg,WRKRW
2559.jpg,DEVVT
2107.jpg,RRHMG
2849.jpg,FABAH
1830.jpg,CKNCM
6561.jpg,VRFTM
1070.jpg,PAHKM
3433.jpg,BTBRU
4858.jpg,ENVDE
1922.jpg,NKXHV
5931.jpg,UCRDR
4352.jpg,YPPKK
5861.jpg,TWVPD
5167.jpg,CPECB
5833.jpg,WRTTR
4822.jpg,UFFEC
3890.jpg,WETFX
3997.jpg,KVUCE
5176.jpg,GXDEK
1735.jpg,EBEVM
7280.jpg,CEUDP
4514.jpg,WUBKA
3343.jpg,NTMEU
5781.jpg,PDPPG
4194.jpg,VDDKD
235.jpg,MHDXU
2064.jpg,MXHTM
6402.jpg,KPFXD
4299.jpg,KDGMA
7365.jpg,BCDNY
6150.jpg,KUNRF
4838.jpg,PAABB
4217.jpg,EHAWK
7648.jpg,PHMRB
2996.jpg,PFCNM
3854.jpg,FKXPC
1330.jpg,XXWCB
1059.jpg,WDMYN
4107.jpg,UTHVA
324.jpg,BVKVU
3698.jpg,FXYAE
5290.jpg,VHMAD
3403.jpg,EBTYR
6737.jpg,DAWRH
7902.jpg,MCNTC
1018.jpg,VCCCB
5899.jpg,RUNCD
6293.jpg,PBBTA
5429.jpg,ARACG
7240.jpg,MNPVW
4276.jpg,FFXWX
3261.jpg,VCPKE
3506.jpg,FTCCK
3576.jpg,XUDYU
1245.jpg,BKDFB
3345.jpg,ERHPU
4460.jpg,CKUFB
1233.jpg,FUBHA
3065.jpg,VFWBW
4008.jpg,RXGEH
3329.jpg,BPPKH
5141.jpg,GEUXT
2573.jpg,PGNKX
5605.jpg,XATBN
621.jpg,UMPGF
5559.jpg,DURHK
1222.jpg,TWBYC
1109.jpg,HETRH
5363.jpg,GYPGF
2924.jpg,MBPHT
3383.jpg,PNVXC
2688.jpg,FAVNB
6865.jpg,FMKKT
2258.jpg,YWXMN
1760.jpg,URDXG
4185.jpg,NKABV
7341.jpg,XBBPU
2539.jpg,MDGWR
143.jpg,FNUFB
6809.jpg,GFRFB
4323.jpg,TGPGW
7564.jpg,FEXVT
3213.jpg,KYHRA
4916.jpg,RRPDN
2272.jpg,UNTUR
7933.jpg,UTBVR
2622.jpg,EKFRR
6656.jpg,HURPM
3937.jpg,PNRVU
4057.jpg,XUVEM
1355.jpg,KRYRW
3030.jpg,VPWPP
2062.jpg,NAAVY
2352.jpg,KKNEP
1073.jpg,TKADU
7576.jpg,DDCRM
1058.jpg,ENKGV
3836.jpg,XPEFD
1728.jpg,DXNCF
4100.jpg,DFBEG
7557.jpg,TTYTM
3680.jpg,GVGRV
4470.jpg,DDWDW
3882.jpg,HTPAH
1074.jpg,PGYGB
6062.jpg,ECPYV
1872.jpg,XDTAN
206.jpg,BWFXE
1256.jpg,WTWMG
2650.jpg,PMGBP
7712.jpg,DKNAN
2407.jpg,DUEUA
5971.jpg,KFUGP
383.jpg,RPAVK
4412.jpg,TMPVU
5995.jpg,KVRAD
3009.jpg,NECBB
1772.jpg,MBGHF
3817.jpg,BGGNN
6581.jpg,VPWFP
2168.jpg,FCMWT
3328.jpg,GRTUP
4529.jpg,WNGPE
3062.jpg,FCBEM
1753.jpg,EMVEW
5262.jpg,XKEWA
7334.jpg,DKHUH
3723.jpg,NWEUV
1652.jpg,PEERG
4010.jpg,FNEXV
4415.jpg,VXFXE
1307.jpg,XNYVH
266.jpg,THVTX
4765.jpg,EFANP
4385.jpg,YFCBG
2790.jpg,DBEYT
1693.jpg,DDHDM
1125.jpg,VRMNH
1998.jpg,NXGFA
6577.jpg,UHWUC
3580.jpg,THECP
2980.jpg,RARBG
1262.jpg,DKCBB
2192.jpg,XEDBU
2782.jpg,EAWAW
5370.jpg,GCBBR
4399.jpg,NRRUT
3944.jpg,MXRVP
3287.jpg,HVTCY
2011.jpg,KAHHY
4816.jpg,TDTDA
6012.jpg,GMBTU
429.jpg,BUDFU
1398.jpg,RVMNG
2110.jpg,PYUYV
2151.jpg,GFYWG
2128.jpg,VACFB
3623.jpg,RCHUA
2526.jpg,MMBDR
3664.jpg,KPHBX
5208.jpg,NPMTP
6464.jpg,WNYKM
7351.jpg,PCFFT
3510.jpg,MDFNA
1068.jpg,RDPEX
6715.jpg,UAMTR
4432.jpg,DCPTF
100.jpg,VPVXB
4231.jpg,DNAHH
5954.jpg,VCAKD
4327.jpg,FNMPC
4413.jpg,AUHNN
5803.jpg,KUBRU
373.jpg,DBXFB
2890.jpg,PNEUR
4215.jpg,ARMMV
392.jpg,YATAR
7860.jpg,PTNUB
5842.jpg,WCDRN
2538.jpg,XMTGY
6289.jpg,UCNDE
4468.jpg,WRNWB
2632.jpg,BUCED
904.jpg,DEUCW
2183.jpg,MDAYB
7785.jpg,WCRKB
4124.jpg,MCPRC
3973.jpg,UKHXC
3317.jpg,CKYDX
1428.jpg,AACVN
1026.jpg,YDEAY
2964.jpg,HCUGY
1858.jpg,KHCHW
4108.jpg,HXMPH
6386.jpg,BRENM
1972.jpg,UXMKE
1306.jpg,XFERX
5069.jpg,CFDAW
5462.jpg,TYMCF
4162.jpg,MWFWU
1469.jpg,EFYDT
328.jpg,WUKDY
7519.jpg,TCCFB
7305.jpg,KDTRN
3245.jpg,RACYF
1585.jpg,BFRKK
1310.jpg,GKHWB
7318.jpg,BDWDU
3168.jpg,CFWCN
5011.jpg,MTEKM
6013.jpg,BBDUP
2029.jpg,KHRFF
6785.jpg,WMDAE
5286.jpg,UMNNM
4647.jpg,KYGMM
3543.jpg,WGCDG
1327.jpg,UYGRV
4300.jpg,AVCGX
1538.jpg,XBRNW
023.jpg,BNHMY
425.jpg,KPGEW
2422.jpg,HRGGW
1543.jpg,GFTGB
2465.jpg,NKBXB
1807.jpg,XUMFT
822.jpg,EBTDC
4071.jpg,EDDER
5326.jpg,WDDPB
7647.jpg,FCXYG
2585.jpg,EXAGU
2108.jpg,WAGDR
1993.jpg,EWTXG
439.jpg,UBXYT
2129.jpg,WPUDF
2557.jpg,GNBWY
5390.jpg,HNVBD
1524.jpg,PWUEN
1952.jpg,BHFXB
660.jpg,RNFEE
1486.jpg,ACWYD
3260.jpg,FMAUG
4732.jpg,XVVGX
3113.jpg,CCRMA
6885.jpg,BUCFY
2926.jpg,PHGTF
1194.jpg,YGXAA
4440.jpg,ENDUF
3524.jpg,BNPMV
3364.jpg,NAGNM
2243.jpg,RXUBU
3915.jpg,XKMNM
1907.jpg,DMMWH
5758.jpg,ETRBU
4109.jpg,PAFBW
2753.jpg,YRVKF
6511.jpg,BUPRU
6485.jpg,BMHYV
1165.jpg,KDVMC
5346.jpg,TUKBV
137.jpg,GPGGP
1332.jpg,VBAMX
1840.jpg,DBGCY
5452.jpg,RPGFT
443.jpg,HFEKH
326.jpg,ADHBF
6085.jpg,REFYV
1371.jpg,AFRWE
1990.jpg,UNYVN
4246.jpg,HWTPP
400.jpg,NUYUU
6090.jpg,RKRWB
7235.jpg,CVKMW
3491.jpg,RVNCT
1057.jpg,FXMYD
1703.jpg,MKEPX
3938.jpg,FXARV
1474.jpg,VBGEH
2437.jpg,WRTFP
4278.jpg,NVFBD
1036.jpg,CAANG
2291.jpg,FXXMY
5367.jpg,TTWFC
5273.jpg,EAUMH
6924.jpg,GHDNB
2963.jpg,CKMEC
2521.jpg,VTVYD
6219.jpg,NGNGG
6712.jpg,YDBYW
2344.jpg,GTADU
4301.jpg,MBDYE
958.jpg,MEMEN
5897.jpg,MMTDG
1266.jpg,KBFPH
5244.jpg,XYXCT
1985.jpg,KEWKY
4239.jpg,KVATN
2989.jpg,GUBXW
4355.jpg,KAHBD
5674.jpg,NPCCG
3053.jpg,YHYEV
3327.jpg,DANPP
1443.jpg,MPFKN
156.jpg,HXCCP
1521.jpg,XYCGE
3861.jpg,GUEMH
4409.jpg,RFWEN
6050.jpg,DXDTT
5454.jpg,PBEEH
2073.jpg,BRXKU
5016.jpg,CHATY
5587.jpg,WYNMA
2859.jpg,DTGXR
3205.jpg,VCUWB
2032.jpg,KBTBF
1054.jpg,WTTND
192.jpg,RKBGT
4830.jpg,XVXUM
2135.jpg,KVCBD
3761.jpg,RWGHP
3519.jpg,KVAHB
3038.jpg,CRKAU
1705.jpg,THCHK
1127.jpg,YMGXN
063.jpg,HWUWM
6567.jpg,YYMPK
136.jpg,NTBAW
3601.jpg,XKMXV
115.jpg,RWHAW
2170.jpg,BBMBN
4144.jpg,MDRBU
282.jpg,KCKDD
3739.jpg,HXDBA
3235.jpg,HVGHM
3655.jpg,KNKRW
4525.jpg,PMXBK
6326.jpg,MNWKT
3276.jpg,UWMNB
6658.jpg,YNXVC
4458.jpg,CVPAH
2819.jpg,WPYNH
563.jpg,ERDVX
5907.jpg,FAFXH
7391.jpg,RPDDT
2109.jpg,WBKVU
3805.jpg,TTMAX
5822.jpg,ENWBX
4467.jpg,FPBTN
1607.jpg,FFYCR
4091.jpg,RBBRB
3819.jpg,MMTDN
3026.jpg,RHTKR
3392.jpg,YUVRK
1969.jpg,CTFHR
2861.jpg,WWEPX
529.jpg,BMUWW
1162.jpg,FDWWM
273.jpg,RGWTX
5108.jpg,EGMAD
5226.jpg,CARAN
2190.jpg,RCNBT
7484.jpg,GCPCE
1791.jpg,KMTVR
4067.jpg,VTMYU
7349.jpg,TFTKV
1821.jpg,MWGHF
6534.jpg,AMBXD
7135.jpg,YVGRR
6955.jpg,BRAGH
1938.jpg,WNFFA
2295.jpg,ABARK
5453.jpg,NBPDK
322.jpg,HPDRM
6648.jpg,WKFUG
2087.jpg,MCXTV
5883.jpg,VPDFN
1624.jpg,RXKKW
1383.jpg,FKEMN
4342.jpg,FWTFV
1278.jpg,HBVVA
2343.jpg,UXRUY
7372.jpg,RWHTG
2761.jpg,BVADN
3109.jpg,MTTTW
2726.jpg,DCMTV
1946.jpg,MKPUY
5996.jpg,FVCHV
234.jpg,MMVEP
4126.jpg,HKRDF
3333.jpg,HGNWG
4158.jpg,CWVEA
4145.jpg,EKRNE
2440.jpg,BCRBY
4605.jpg,HKCWK
3654.jpg,NDDDA
009.jpg,CKGPP
7812.jpg,KPTKU
7746.jpg,WWBYW
3865.jpg,NGKRC
6740.jpg,YHNYU
3006.jpg,NVFTH
4919.jpg,FYWBX
4121.jpg,VXMFX
6279.jpg,NVTDD
1238.jpg,RPAWM
5206.jpg,NNBDN
5580.jpg,UNHNV
2239.jpg,WRYTF
1587.jpg,FURRF
4499.jpg,BPMYD
4285.jpg,VKHFM
3036.jpg,TKAWY
3027.jpg,WHBWH
3522.jpg,FPBUV
2500.jpg,HKBUU
3642.jpg,VRUFK
6859.jpg,KWRPM
4298.jpg,KTGTP
1226.jpg,UDPYH
2975.jpg,AEVHD
1434.jpg,PXKAN
1982.jpg,GTRYP
834.jpg,MAYKT
199.jpg,VYFRF
1580.jpg,VAGAE
3475.jpg,MNUAN
2677.jpg,PEGPU
4474.jpg,DKWUY
1118.jpg,TGHGU
4965.jpg,PBWUB
4564.jpg,GYAET
6650.jpg,VTYTU
4844.jpg,EKEBV
5082.jpg,NHGYX
4391.jpg,PHVGA
4181.jpg,PDPGH
1884.jpg,NAHDG
5435.jpg,WKXXU
578.jpg,KEWHV
6841.jpg,UWAFF
1489.jpg,BXWUT
4106.jpg,PNGHH
3166.jpg,HFHKD
6194.jpg,BYNAT
4195.jpg,NRKKD
1407.jpg,NBGET
2755.jpg,TXGFM
5428.jpg,BGBGE
6818.jpg,BGCTW
038.jpg,HDKKN
4127.jpg,KKKNB
2866.jpg,RTTFY
4695.jpg,EFGAE
3225.jpg,DDVFE
6635.jpg,VKABC
2201.jpg,GCGXM
4227.jpg,UGCXD
1019.jpg,YHVVB
1060.jpg,WFPCR
5251.jpg,BCYRU
1533.jpg,BNRAG
729.jpg,BKDWM
4236.jpg,NNMHP
2043.jpg,YHGGD
2397.jpg,GBPVB
3007.jpg,XDCFD
5757.jpg,WFBAF
3174.jpg,DRXAP
2594.jpg,WNHPP
7903.jpg,RKRDP
3064.jpg,WATPD
5111.jpg,KVRTC
7504.jpg,AFRMK
3691.jpg,AFRYW
1966.jpg,BVNMC
350.jpg,MRVXH
3962.jpg,HNWHD
174.jpg,FDEWP
934.jpg,VUYUN
1586.jpg,TEGGA
5825.jpg,UXUFN
5371.jpg,KWENB
1522.jpg,FTKPY
3305.jpg,HWGPM
7880.jpg,NTATH
2689.jpg,YEPMH
7945.jpg,MVHCP
3208.jpg,WMADM
4423.jpg,HACGA
2052.jpg,DKDPE
5486.jpg,RNPYF
1424.jpg,WRECT
4644.jpg,TTRRV
1264.jpg,RWDCK
6462.jpg,KRVTP
667.jpg,FXXXP
3904.jpg,GECMN
4001.jpg,EGRYF
4151.jpg,BFNMW
1895.jpg,BYKWG
6223.jpg,PPKTX
3199.jpg,EAUCX
173.jpg,XXVRV
6151.jpg,NHHHF
4663.jpg,HDTMB
3652.jpg,NDURB
1837.jpg,TATBE
3940.jpg,WUFGF
7536.jpg,CANDE
162.jpg,MFXXD
362.jpg,XGBRM
7849.jpg,FKYFA
1967.jpg,DTUCC
3193.jpg,EBPXW
2403.jpg,HTAGC
3936.jpg,VGDTT
3123.jpg,FRYFC
1552.jpg,KEUNP
622.jpg,WTMFC
180.jpg,AFWTG
1221.jpg,HWCXG
2355.jpg,UBUGP
1437.jpg,YRTDH
3472.jpg,HAATY
4917.jpg,MAHXR
2998.jpg,HXKAH
3427.jpg,PMHHE
4443.jpg,FVFDY
6905.jpg,PWBWH
315.jpg,DEBUR
3690.jpg,GDBWB
6797.jpg,CVDAM
6837.jpg,HPAMV
6236.jpg,KNXHT
4025.jpg,RMMEN
1525.jpg,PMVNF
7808.jpg,YBTNG
7895.jpg,XAFFM
1729.jpg,BPPVU
4207.jpg,GDMYX
2206.jpg,FRMCH
4211.jpg,DXTGG
079.jpg,GTGXX
3160.jpg,YXRMA
2623.jpg,UVPAV
3508.jpg,MWBNH
4599.jpg,TKHNR
5134.jpg,VNFTU
7250.jpg,NUVNK
1449.jpg,KXYYC
4077.jpg,NTYVD
4000.jpg,CUFAC
7707.jpg,GAAKY
1655.jpg,NCDBB
3610.jpg,XGPTA
1894.jpg,UUGEF
7935.jpg,BURHK
189.jpg,MMBUV
4150.jpg,EKXMW
3143.jpg,VGBDG
5309.jpg,REHME
3223.jpg,FYEDY
7217.jpg,WXWHM
207.jpg,FXDBC
024.jpg,XRDCM
1061.jpg,UPRKB
6264.jpg,BPAGN
382.jpg,ADAKB
6826.jpg,NFRDR
172.jpg,XWKGY
3115.jpg,AAYRV
3122.jpg,BTYWX
1937.jpg,BEHYD
2117.jpg,UBDFV
3707.jpg,MNGYA
4080.jpg,HGFUN
4787.jpg,HAFBE
3622.jpg,KNNFW
1323.jpg,WMBMD
1685.jpg,DNPTU
1553.jpg,FXYXM
3099.jpg,DDRXA
5256.jpg,GAPYM
7047.jpg,ENECC
4642.jpg,PHEXM
3286.jpg,VMTVC
3556.jpg,CXURB
145.jpg,KUVHC
3084.jpg,UYNEA
4469.jpg,BARYD
658.jpg,UBYDV
6135.jpg,XDHYY
1903.jpg,WYCCC
7430.jpg,NXUMM
5479.jpg,UMUGV
1455.jpg,AVDDN
716.jpg,EMGPR
7920.jpg,XAUCY
4024.jpg,HNABA
2097.jpg,YWPMR
3028.jpg,YHMMK
2187.jpg,NHWMV
5804.jpg,WGEEM
7142.jpg,GEVAW
7809.jpg,XCKXM
2415.jpg,AMDPU
091.jpg,RYEMY
4538.jpg,YRVVU
5169.jpg,CEKAW
2145.jpg,HBRRN
2542.jpg,RDVEG
1468.jpg,TEADU
6902.jpg,FRGEN
3830.jpg,VDWWG
5442.jpg,EYMRT
3142.jpg,EHPBF
6958.jpg,GEMFN
2477.jpg,TCXPD
3169.jpg,FDTFF
1038.jpg,GRXPX
1851.jpg,YYXVW
910.jpg,GHCGB
2326.jpg,YAAER
406.jpg,KFVAH
2372.jpg,YWKUA
1377.jpg,GHEHB
3042.jpg,FGYWK
7350.jpg,RHEXF
6587.jpg,RMANN
5242.jpg,HEHMH
2433.jpg,XTEFC
6023.jpg,TXFVM
3840.jpg,RBHGG
4871.jpg,EXTAP
004.jpg,KEKMV
4369.jpg,RPPAG
4674.jpg,ENMVX
2395.jpg,GXTAF
2423.jpg,PWMPE
576.jpg,DDWEV
1427.jpg,RPMRA
3386.jpg,TKACN
5007.jpg,BFMGM
072.jpg,TRYWR
4332.jpg,BVBCF
4836.jpg,DUVNC
3718.jpg,CVRGN
1892.jpg,FKADG
1179.jpg,HKGHH
3330.jpg,VYPXC
6246.jpg,DCXVU
3575.jpg,GWWEW
4371.jpg,KANMP
1300.jpg,YDFFC
5949.jpg,KPVKB
6888.jpg,GUNER
4328.jpg,BPTUM
1510.jpg,YHDKC
6320.jpg,FHXWB
6894.jpg,KDGGT
1875.jpg,KVYUT
1324.jpg,VTGNU
4479.jpg,CRACR
6807.jpg,UPBGX
4545.jpg,NVCWM
2747.jpg,DCNXE
6642.jpg,PUWAC
042.jpg,ADCXR
3551.jpg,PWTTW
7724.jpg,GUNRW
311.jpg,DGNVU
6435.jpg,HRBRD
1017.jpg,BUNHK
7646.jpg,WPAND
2943.jpg,HUPYX
1827.jpg,BAFWR
1850.jpg,MKRBX
2818.jpg,NPAHU
1702.jpg,WAXGR
562.jpg,KVXRV
401.jpg,RUVKW
7818.jpg,WWPMA
4762.jpg,XRTVF
1370.jpg,NWBAU
4238.jpg,MWHKV
2545.jpg,FETGH
7483.jpg,WWXCA
1529.jpg,MVXYH
2687.jpg,FMXNX
928.jpg,THRVV
7333.jpg,UGTXB
3179.jpg,GKEYD
7154.jpg,GNBGY
3083.jpg,VBDXA
5076.jpg,AYDXM
4752.jpg,KPBBA
7802.jpg,CBETD
7440.jpg,XFBWA
3773.jpg,MFTMN
6572.jpg,YUXBP
6146.jpg,KHAHB
902.jpg,NYGYW
2883.jpg,WCCVR
1988.jpg,PABCU
5488.jpg,XCEHF
073.jpg,NUKUC
5481.jpg,PTNTN
2739.jpg,TDXVU
3365.jpg,CTMFY
2510.jpg,VAYWC
2962.jpg,RXBTV
3728.jpg,CVVDV
7729.jpg,GMXRV
6015.jpg,MCBCR
1874.jpg,RACWV
1644.jpg,YFRPX
2074.jpg,VVKRV
327.jpg,KRCDF
3738.jpg,NKKDE
7832.jpg,GFEHM
5788.jpg,UKPGP
6839.jpg,YNXME
1748.jpg,WKUTC
1387.jpg,FDKHY
254.jpg,ADDCF
572.jpg,WHMRH
418.jpg,GBFTP
7102.jpg,KTANR
2316.jpg,UEHEA
2438.jpg,UWAHH
3233.jpg,XRPFV
1452.jpg,PPTHB
3671.jpg,BHUHR
2138.jpg,MXDDG
1396.jpg,XCNUX
427.jpg,HAPRK
3409.jpg,EYBXE
2583.jpg,MEGUY
347.jpg,PVXKA
2394.jpg,UDREW
3980.jpg,YGKEY
5017.jpg,UBXNF
7513.jpg,HTGTT
4046.jpg,KYAWM
1836.jpg,YURYF
2328.jpg,DNXGT
2816.jpg,VXDUX
3220.jpg,ERBVV
4931.jpg,NTCYH
1520.jpg,XHHTR
4307.jpg,KBUUV
1239.jpg,FPTNW
6312.jpg,FMCAB
7289.jpg,TDVUF
2006.jpg,YTCYD
5213.jpg,HCCAH
802.jpg,EECMM
5577.jpg,TPMBX
2369.jpg,RVTAM
4908.jpg,VPYHG
6748.jpg,GHCNW
1255.jpg,KHBVC
3913.jpg,CXVYW
4397.jpg,YDGKD
3778.jpg,NTPDF
3349.jpg,RMRCY
2858.jpg,NYKCC
5140.jpg,HEAPM
7407.jpg,HXPTK
1021.jpg,FCRXY
5567.jpg,ADMNF
4884.jpg,PXVMT
5163.jpg,CRFWA
5837.jpg,NMPEF
2712.jpg,BYHRG
3469.jpg,EHMVV
2826.jpg,XRYER
5397.jpg,XMTXC
5358.jpg,TKVTV
1409.jpg,BRPRE
4827.jpg,MENHM
1790.jpg,ETDGR
5919.jpg,UVUGV
4167.jpg,GRYBF
2090.jpg,VHDYX
2278.jpg,YFHDD
595.jpg,VBGXX
6566.jpg,NTHNW
2251.jpg,GUFED
4376.jpg,URDGF
385.jpg,BDEUX
6619.jpg,CPWKY
5656.jpg,NAWUG
5307.jpg,UPTPY
1163.jpg,TATHP
331.jpg,PADRK
2391.jpg,NWAPK
4316.jpg,UGYNW
1720.jpg,VMKGV
6192.jpg,UFFCX
255.jpg,KMVYA
3296.jpg,VVBHU
7747.jpg,XEVUU
7447.jpg,GKKYT
6384.jpg,EVTTW
132.jpg,WTTGB
1106.jpg,FHUTW
2760.jpg,GURHH
6449.jpg,YNPCH
1546.jpg,XGRXB
3888.jpg,NHKUX
7034.jpg,GNAGC
2439.jpg,WNAMP
7263.jpg,EKTFW
1961.jpg,YGMUE
4255.jpg,GKGYU
030.jpg,XRMMH
4425.jpg,UCXRX
7942.jpg,HNAKT
6922.jpg,UGMEH
356.jpg,DBRGN
5037.jpg,UPBVY
1237.jpg,MFRVW
5632.jpg,FPKVU
7181.jpg,GVWEC
3842.jpg,DYVPK
1643.jpg,PEMUX
1880.jpg,TFKYR
2044.jpg,RFDRX
434.jpg,BKCMB
6294.jpg,TDDWT
7813.jpg,RWRMV
3234.jpg,GFGXC
3607.jpg,RBGBC
2719.jpg,DPFGG
7467.jpg,UVXAX
6589.jpg,VXNHE
6156.jpg,DFXYV
1279.jpg,XBVEE
1466.jpg,MYRXU
2788.jpg,DPTAG
2418.jpg,URTNC
2806.jpg,GNGBR
3421.jpg,XAMBA
1139.jpg,FKMRU
4936.jpg,NMNDA
2066.jpg,CVUXR
3202.jpg,KCAVM
6530.jpg,RXTEP
4159.jpg,RHBFC
7591.jpg,RMNKV
2284.jpg,MBCYH
2488.jpg,TYTBH
3332.jpg,CUXKK
4097.jpg,NVUWM
1663.jpg,PEHHB
3653.jpg,UAMNT
3523.jpg,RTCYX
165.jpg,ERGCA
7631.jpg,WDPKP
2748.jpg,XPYWE
420.jpg,BUNDA
313.jpg,XBEFY
135.jpg,EPNVY
2375.jpg,BURVH
3963.jpg,KBPWC
5830.jpg,XGGME
2158.jpg,YDAHP
2351.jpg,GCHCU
1779.jpg,HMVPK
1251.jpg,PTPWP
2166.jpg,EKRDA
6771.jpg,RXXKR
866.jpg,YGWNF
3445.jpg,XYHGT
3874.jpg,UXCCC
2954.jpg,VYDEU
1600.jpg,CURNP
2161.jpg,BRUXN
2867.jpg,AEXTB
6046.jpg,ATNUM
1816.jpg,MKBRR
3459.jpg,XAYKW
2494.jpg,UEYHT
5266.jpg,NMCPX
187.jpg,RTPFU
2789.jpg,FGANR
3979.jpg,MPCYX
4337.jpg,YFBUT
5110.jpg,TFEKC
2231.jpg,XEUCH
1738.jpg,BEPUF
2140.jpg,WECEK
2446.jpg,RFDAD
5174.jpg,YUEHX
253.jpg,KRCVC
4128.jpg,AGCNW
3161.jpg,CPBFA
4705.jpg,XKYVY
007.jpg,KKMPK
2225.jpg,UBEHE
2047.jpg,RBUPV
7274.jpg,GFNWH
4957.jpg,GKKTG
274.jpg,AUYGH
5334.jpg,DDYCF
3549.jpg,AMGBM
5612.jpg,PNNUV
560.jpg,KMCKH
403.jpg,TCVCW
7968.jpg,VCCTU
1372.jpg,MGVXF
5690.jpg,EDMAW
4862.jpg,XFCFP
3495.jpg,BBGRK
1589.jpg,XYHWU
5482.jpg,KHHNE
5287.jpg,PGBWU
3395.jpg,CNBBG
4210.jpg,WWKKT
3363.jpg,HEVHE
1632.jpg,YAHEK
3428.jpg,PVDMW
3003.jpg,TTTNE
4062.jpg,WUKDR
4456.jpg,XHTXF
2534.jpg,BVVMK
6857.jpg,BPATT
1094.jpg,MGXEM
6174.jpg,PNWDV
5771.jpg,RDWHT
5444.jpg,BGTHA
6204.jpg,KDGEE
985.jpg,EGXFH
1220.jpg,KHRBT
2662.jpg,NYKKA
7196.jpg,FAUYB
4178.jpg,FPPUW
1746.jpg,CGKPV
7848.jpg,WVFRF
4275.jpg,HGRWB
5819.jpg,EMNDM
3344.jpg,AUXKP
2847.jpg,VGPYT
6071.jpg,FCNMB
2570.jpg,CDFDD
1718.jpg,DCGPX
211.jpg,HNDAU
3092.jpg,AVWKU
6827.jpg,XBWUE
4309.jpg,VGXUV
4336.jpg,FRYAM
646.jpg,WWNKV
6680.jpg,PDRFB
5672.jpg,VUMVB
2604.jpg,MREMC
7366.jpg,TXPUD
025.jpg,BNCNM
7357.jpg,TMUKF
891.jpg,PNFXE
1333.jpg,GVMGH
1289.jpg,EMXPN
3846.jpg,NMYMB
4855.jpg,EWUYA
442.jpg,VHCPC
2374.jpg,DVCRB
144.jpg,HYWCX
1314.jpg,PYPTR
275.jpg,XYHPR
3335.jpg,DRBVP
5711.jpg,PFVXK
1684.jpg,CAART
1706.jpg,HBBBD
3809.jpg,RPMFW
365.jpg,GHDCV
7121.jpg,NUAKH
7470.jpg,GXEWR
3097.jpg,VDBUT
7431.jpg,KHCPD
7823.jpg,GUBUX
2636.jpg,VANUM
7448.jpg,WERYX
6996.jpg,AMHWP
2362.jpg,VTBYA
1291.jpg,NHPCH
6159.jpg,CBHMV
5917.jpg,CPHFU
3831.jpg,GRNDX
2929.jpg,TWRMP
3253.jpg,PPNTH
2142.jpg,TNRYK
2040.jpg,RGWMR
3004.jpg,YCCKP
6517.jpg,NDGDD
4333.jpg,MHGXT
6457.jpg,MGUTA
3429.jpg,MABNG
1674.jpg,FXCCE
6801.jpg,AYGPR
4076.jpg,BYUNH
2990.jpg,RRPUU
4569.jpg,FEXUP
7198.jpg,KGDXW
1766.jpg,NAKRC
1893.jpg,PFHBX
1936.jpg,CFNCF
3814.jpg,TWFED
1204.jpg,EMKBH
6586.jpg,WHEWW
3358.jpg,NKVVE
2256.jpg,WRDUH
5877.jpg,TKNTE
6348.jpg,BYHHF
4840.jpg,XPCUT
407.jpg,MMNTM
1376.jpg,HGRHB
2505.jpg,BFCHG
3114.jpg,DTVPP
4983.jpg,KKMCD
5083.jpg,KGEYT
5524.jpg,CUKKV
2910.jpg,PPFWV
5373.jpg,RRXRK
3957.jpg,PHKFB
2837.jpg,YHKAE
7980.jpg,ANERU
4939.jpg,RGWHC
2796.jpg,YXHDH
3609.jpg,VABMG
5320.jpg,ARFVM
3450.jpg,UWCAX
2186.jpg,VXHGU
1088.jpg,RWHTV
5078.jpg,HKDFF
5093.jpg,HRWBG
1195.jpg,UMFBK
1042.jpg,XEHAV
4370.jpg,RKRER
1180.jpg,EPXYV
5425.jpg,KHRFK
7509.jpg,YUFPU
3995.jpg,BVDMU
4229.jpg,UFCXG
5865.jpg,BVYUK
4250.jpg,CBKMK
2754.jpg,CACCA
5003.jpg,MTMTD
4411.jpg,NTXHD
1911.jpg,GPKXW
2709.jpg,YXKDM
2922.jpg,FDCXY
5299.jpg,TCMKC
4099.jpg,CYRYN
4446.jpg,YRTKA
2740.jpg,TVKDF
4156.jpg,KHWMA
2618.jpg,HFDUC
2562.jpg,FNHAX
228.jpg,DTYYC
1128.jpg,UMEUM
2893.jpg,BFBXN
6906.jpg,VWCNK
4142.jpg,TABUE
5786.jpg,XBMMV
2134.jpg,MMWNY
4020.jpg,YWPUP
1430.jpg,GVUGD
1832.jpg,BWTBD
5499.jpg,RNGEF
971.jpg,NCBVW
7701.jpg,NGNHD
080.jpg,VBCHY
1115.jpg,PKFWP
2334.jpg,TECPA
3709.jpg,EFNPG
2069.jpg,FXUDW
1555.jpg,CHBED
6349.jpg,MCHCP
3347.jpg,CHDYK
1971.jpg,TTFXF
3632.jpg,HVPUY
043.jpg,HNXTK
3020.jpg,EUKMP
103.jpg,VWPPC
3146.jpg,PMFYW
2309.jpg,RATXD
4913.jpg,UPBCR
1429.jpg,HBUMB
2105.jpg,HYXBM
2281.jpg,YTEGF
1301.jpg,EBKHN
4366.jpg,DYVGC
005.jpg,XHRTV
1177.jpg,NMMER
7482.jpg,MEXTW
6093.jpg,YUAKY
2843.jpg,RGEMK
1325.jpg,PGFCU
2448.jpg,BRFAU
1005.jpg,ENGXM
4198.jpg,UGAFX
6001.jpg,MYCVU
2497.jpg,BCEET
4959.jpg,PRCYK
6024.jpg,NDYUH
4244.jpg,CEAXU
4251.jpg,FWMHV
413.jpg,NNXUK
2809.jpg,BUEVT
730.jpg,AHNRX
3871.jpg,FYXNT
4288.jpg,CKPXV
4356.jpg,XEUVY
6182.jpg,YMXRX
1123.jpg,NNDBT
6115.jpg,UEHVB
2330.jpg,KKYTK
7358.jpg,EBEYA
2695.jpg,UAGHW
2257.jpg,KNCYC
3361.jpg,YXFXT
2582.jpg,CVWHU
1749.jpg,VHTWH
1045.jpg,FXKWB
4027.jpg,NXMDN
1027.jpg,VKMMY
7553.jpg,GYCUR
1318.jpg,VAMVX
1826.jpg,NTGFP
3366.jpg,YHKUR
3412.jpg,DNMXR
2098.jpg,BDAAA
346.jpg,WFTNG
7512.jpg,CDTYP
230.jpg,ENHKK
6699.jpg,RFRKT
3184.jpg,NFURF
4268.jpg,EGARB
7455.jpg,VWFBR
2267.jpg,YVKVA
3912.jpg,NMEDV
1100.jpg,AATAF
3859.jpg,RRNKY
2451.jpg,EDKKC
2007.jpg,RVYVD
3141.jpg,BVPVK
153.jpg,PDAWH
6474.jpg,XNCXU
7410.jpg,PUERM
4254.jpg,FAKME
190.jpg,KRRUV
1010.jpg,TRWBH
1020.jpg,HKMHX
2280.jpg,HFKMN
741.jpg,EFGCD
6458.jpg,BBBRP
3340.jpg,WVEBC
2368.jpg,XFHTM
1650.jpg,ANTGX
1757.jpg,VRKPG
7215.jpg,CDPYK
6600.jpg,RYEGT
4753.jpg,URRNA
4367.jpg,MEGPU
4464.jpg,YAHEC
3178.jpg,FTRRC
7469.jpg,FEYKY
1200.jpg,VGAKV
6538.jpg,GCUWU
1709.jpg,UUGDN
6432.jpg,RRHAV
3897.jpg,FMMKY
2808.jpg,RVXUA
1341.jpg,NHXYU
075.jpg,MWEHF
1598.jpg,CAEHB
2533.jpg,PWDNK
5918.jpg,DWRYV
1694.jpg,TMWDD
6285.jpg,EBYDK
2680.jpg,GVCDN
4317.jpg,DCMKP
3807.jpg,KPNAP
3870.jpg,BXABB
737.jpg,RHTYY
099.jpg,MVEXW
7017.jpg,XBKCD
3360.jpg,EDUHD
2112.jpg,WHMKB
2015.jpg,XBFNG
4306.jpg,WUBTM
3243.jpg,NWPTX
5667.jpg,DFGPE
2873.jpg,PUETG
1197.jpg,FYEGY
3744.jpg,DKXWD
4946.jpg,KCDAV
1496.jpg,MMAGV
6515.jpg,NBPPU
1941.jpg,TWKRG
3263.jpg,UVDHH
7898.jpg,RWCXU
3667.jpg,MBGFU
6618.jpg,NXAYD
133.jpg,FUACP
3697.jpg,NMBBU
2156.jpg,FCGDF
2285.jpg,RVFHB
5387.jpg,HRFYP
1870.jpg,KMHTK
4240.jpg,ABPDP
5801.jpg,GXVRB
293.jpg,PGVKM
044.jpg,UCTPR
6512.jpg,KNVVC
1976.jpg,FXETF
7231.jpg,VWCWW
5921.jpg,HNBEG
2269.jpg,NYYMY
4958.jpg,ABCKK
1190.jpg,UYUPB
295.jpg,NMBPY
060.jpg,VMVRY
4449.jpg,KKXKR
4079.jpg,HGAUC
1040.jpg,PCCVY
3606.jpg,MXXUE
6854.jpg,WNKBX
4007.jpg,KAMUA
5845.jpg,UUCKX
3875.jpg,NTEVC
3050.jpg,EHNKV
4767.jpg,BHNUW
3438.jpg,AAGMY
4331.jpg,PTCWN
1931.jpg,EFKKY
1723.jpg,NHDKR
6157.jpg,MHGVE
3899.jpg,GATDV
4041.jpg,RKGCP
1506.jpg,PMHNF
5728.jpg,WDKHD
1668.jpg,VNYAY
4096.jpg,NKKFH
6284.jpg,GFRFB
6734.jpg,VXVYE
3755.jpg,AVNHM
6531.jpg,CMGMD
7016.jpg,TUTTY
1769.jpg,WCYBR
3125.jpg,PXXYW
6354.jpg,UHFBG
3149.jpg,AYUCB
194.jpg,TVHWY
2181.jpg,MCNTA
4522.jpg,XBMEU
5739.jpg,MHXAA
1642.jpg,CVCNU
4263.jpg,WNFWC
1369.jpg,AFHYF
1212.jpg,XVBHK
2707.jpg,KNVFK
7244.jpg,KMTGX
298.jpg,EWNMM
3467.jpg,FVARU
2312.jpg,MHXAF
1412.jpg,GNUPH
1046.jpg,GVUMF
252.jpg,HCAAH
4140.jpg,YGVPT
3355.jpg,WHCHD
6346.jpg,KFMDP
2466.jpg,BNGNN
2084.jpg,YRVPN
2799.jpg,FXCEB
1877.jpg,GVFRH
6367.jpg,NUMXC
4183.jpg,KEHAR
5518.jpg,KXHEC
7810.jpg,WGAMT
525.jpg,BEYFB
3952.jpg,UXBCY
4937.jpg,GHBGH
4147.jpg,FAFFC
4235.jpg,PBWMA
2381.jpg,METTY
1260.jpg,FWVUR
2213.jpg,KVGYR
3803.jpg,VCENX
2532.jpg,CWTUK
2841.jpg,CYBXM
3022.jpg,GRXUU
2447.jpg,YTKMY
127.jpg,BRKRD
1784.jpg,AKGFN
1188.jpg,TYPVT
4760.jpg,NRUBC
6414.jpg,FUYTB
6544.jpg,PWHNR
2953.jpg,CXGDC
818.jpg,KRFKY
6848.jpg,WUVFF
3420.jpg,BDFDG
3025.jpg,WKPTG
3535.jpg,MHDTA
3313.jpg,RMPPP
7572.jpg,FCWWN
5156.jpg,WKFUF
640.jpg,GHYEW
5413.jpg,VVTCY
1531.jpg,WCBFX
592.jpg,TKMNW
6867.jpg,PMYAY
4897.jpg,AMDHF
3148.jpg,RBBVM
7053.jpg,WKUHB
1461.jpg,EBMDX
1433.jpg,GTTDG
5040.jpg,PCMEB
5124.jpg,HPMHC
012.jpg,GWARR
4141.jpg,FDDVX
2009.jpg,DECTT
1032.jpg,FTDMX
4941.jpg,MFCVY
085.jpg,VRTBP
3824.jpg,YFUMR
4262.jpg,CPPEG
4125.jpg,BGTDA
161.jpg,TCWXG
5992.jpg,GUYNF
1345.jpg,TUMRA
1727.jpg,REMBW
1776.jpg,AWFYX
3236.jpg,MBKFT
4953.jpg,DDMAA
1633.jpg,EXHGH
4139.jpg,GWCBG
5731.jpg,FAXGR
7969.jpg,PTMTY
2102.jpg,CNPTC
3002.jpg,XGEXF
3641.jpg,XVFHR
4274.jpg,KFKGV
3942.jpg,FNKYK
3953.jpg,GBGBH
6272.jpg,UYMAR
309.jpg,FCEUN
7930.jpg,HDWNK
522.jpg,AFDWX
498.jpg,VFWKV
3023.jpg,CVUXM
2071.jpg,MGTED
5113.jpg,THUDW
7187.jpg,YDBRB
2751.jpg,MMWFX
1584.jpg,GRMGR
4492.jpg,DXXPE
1768.jpg,WFARK
1689.jpg,XTBTC
4405.jpg,CCTWN
3483.jpg,PHMWR
2786.jpg,KKXMY
3058.jpg,HDENG
1948.jpg,YNUBN
1499.jpg,FHTVD
1829.jpg,MRHVB
1202.jpg,NDDBH
2014.jpg,UUEEA
6408.jpg,WRURN
3762.jpg,NRVBM
6175.jpg,GGNKY
1857.jpg,MXEAN
2035.jpg,BFYND
4177.jpg,NEBVC
286.jpg,XCTFV
4187.jpg,FYMRH
7033.jpg,FTTND
4395.jpg,VDFKR
5216.jpg,CKXBY
1959.jpg,KYPBY
2017.jpg,DUTVY
119.jpg,KTFWK
2798.jpg,ABRHE
4692.jpg,GXDFG
1811.jpg,RAAPF
4882.jpg,DXAHN
104.jpg,PRFNK
348.jpg,NMXYH
7065.jpg,NYGCP
6687.jpg,GNPCC
5471.jpg,RUFGW
6495.jpg,RMBDG
5900.jpg,ADXCF
3956.jpg,EUFTN
084.jpg,HETMP
3177.jpg,HCUDK
3105.jpg,WDRYV
5276.jpg,KAMHY
6568.jpg,KAKRG
1286.jpg,FFGEN
1459.jpg,FNDEG
515.jpg,MBXHN
7243.jpg,HHYVE
4256.jpg,EVCKB
1064.jpg,ECFNH
4570.jpg,RUUYU
2373.jpg,RBXBM
3825.jpg,KRXKM
3841.jpg,AXKAE
500.jpg,EEPUX
5839.jpg,NWNUD
4028.jpg,AVTGF
4702.jpg,MMNEW
6987.jpg,XDKUP
1095.jpg,PMUNN
4339.jpg,NMKUE
3441.jpg,NBEHF
3021.jpg,TRNHK
3695.jpg,GDDUR
4116.jpg,PKRVW
7672.jpg,KAAAA
499.jpg,TVWPB
6617.jpg,TCUBG
6456.jpg,BKGEN
7131.jpg,HUKWH
6851.jpg,GERFH
3815.jpg,EFPWB
759.jpg,UAYWC
6273.jpg,NCFTM
6835.jpg,KCWXB
4427.jpg,MUVMV
1707.jpg,BRNCH
3692.jpg,URYAY
3808.jpg,RCRMT
3346.jpg,YXCYD
4221.jpg,GTWGD
5492.jpg,TFKPD
2642.jpg,EDFUV
5569.jpg,HNPBG
7301.jpg,KNRUP
2605.jpg,HYMAT
3562.jpg,WBANE
680.jpg,XXEAU
2235.jpg,BKWDV
1571.jpg,MYMDG
4005.jpg,UYEYW
1595.jpg,TEGXV
3076.jpg,KGFPT
1673.jpg,EPGYE
2725.jpg,RUMBY
7019.jpg,UFGEM
081.jpg,CNCXX
7423.jpg,HVKGT
4176.jpg,RGEUM
7893.jpg,NGMHA
3946.jpg,AATCF
7937.jpg,BCRNB
2287.jpg,UFXYY
2041.jpg,TGNMT
4002.jpg,FPFHX
3786.jpg,DGCWM
7710.jpg,XGVRW
2828.jpg,KFHFE
3303.jpg,HWKGA
6308.jpg,WWRBN
7108.jpg,CCFXB
002.jpg,WKMBM
6393.jpg,AKMUK
3636.jpg,KNCAD
2103.jpg,CPADA
3127.jpg,AGBMD
4160.jpg,BBUMP
2708.jpg,BMNXW
3104.jpg,UEUYY
3958.jpg,XGENX
1951.jpg,TYYTG
3721.jpg,RCBAC
4769.jpg,NGEGY
2744.jpg,WREVV
271.jpg,UFHCK
3608.jpg,DGFGN
4157.jpg,PWUHW
1305.jpg,UGKHE
2830.jpg,XVDCU
1287.jpg,PPNGU
3694.jpg,DBYMR
1771.jpg,UAAPV
3877.jpg,CVGMW
5956.jpg,VTYVX
3120.jpg,FMMGG
3298.jpg,KUUKN
4447.jpg,VBBYE
175.jpg,UKERA
4294.jpg,BVMTG
3649.jpg,ARBAP
415.jpg,NDMTP
692.jpg,XDKFF
1541.jpg,VEANH
4920.jpg,RTYGW
5862.jpg,RYUKM
4791.jpg,TCCXU
2657.jpg,TPTCE
4021.jpg,YTDDH
4098.jpg,WWDVV
1564.jpg,CURFA
2431.jpg,XDGHD
1554.jpg,PNVNE
4992.jpg,HMPHM
5105.jpg,TXFGG
4004.jpg,WFNXG
1403.jpg,HWNRT
2781.jpg,BKDFY
6172.jpg,BNDHH
3921.jpg,TNUXR
2524.jpg,UTYMH
1114.jpg,PMEYT
1187.jpg,CYNWK
1053.jpg,VHMGD
2911.jpg,YNCYG
6932.jpg,VFGBG
3147.jpg,WPVAM
5469.jpg,RMFAH
1881.jpg,GUHFE
3794.jpg,AKCVP
4199.jpg,FBXGR
2405.jpg,MMUMP
2949.jpg,FWAEX
5850.jpg,RDYEB
6230.jpg,NKRNW
3126.jpg,FHMYF
2398.jpg,KHURM
3182.jpg,KMNYC
3068.jpg,XCKDA
5475.jpg,CFHCW
2455.jpg,YFAVY
3581.jpg,MMRMW
6049.jpg,UYNHF
4496.jpg,XWCGU
3057.jpg,RKPDY
1347.jpg,CXPXK
507.jpg,CGWVU
6868.jpg,FPRFX
276.jpg,ETNKC
051.jpg,BXBKC
1451.jpg,XUWWX
2449.jpg,GEMFK
2300.jpg,RKTMY
4054.jpg,AHFPR
4378.jpg,CHXVT
229.jpg,MBFNB
803.jpg,DXGUG
2049.jpg,CXDKD
1878.jpg,VUFKV
3457.jpg,UTTYN
6539.jpg,DUCFA
3093.jpg,CNACP
2994.jpg,DKXVR
3356.jpg,DCWDX
955.jpg,XBWCN
7966.jpg,THPXN
1934.jpg,NFFVE
4357.jpg,DAAVG
4302.jpg,HKDWN
1302.jpg,VWGRM
5446.jpg,MPVHM
4453.jpg,CCCMH
2250.jpg,BNMVE
3920.jpg,BCDDX
028.jpg,EECGF
1131.jpg,DYYGR
1176.jpg,BTWTE
124.jpg,HAGRR
3504.jpg,GYRDF
7620.jpg,FPVBU
1855.jpg,PXTVX
4031.jpg,RMWFU
7795.jpg,NEFRG
3788.jpg,HTMPY
3795.jpg,GWPYY
7554.jpg,WRAFD
1920.jpg,FHWCU
3379.jpg,YFXPA
2435.jpg,CDXVY
3185.jpg,FCKBB
5365.jpg,AFVWN
1852.jpg,XPGHE
7458.jpg,NXWXA
2523.jpg,XEEUC
5500.jpg,UEURR
7094.jpg,HFBKB
1609.jpg,BREKY
6951.jpg,CCBTF
3153.jpg,GWTKE
1258.jpg,MCEUP
4738.jpg,ECNNU
4725.jpg,XUFFY
1750.jpg,NKGGX
7965.jpg,VHWBA
3715.jpg,EKRVX
4465.jpg,NKBCR
2039.jpg,NFVBA
3029.jpg,WMNKU
4055.jpg,XHMFD
1630.jpg,PMBDK
1184.jpg,CWGYY
1191.jpg,FPPTW
3044.jpg,TBUHM
3334.jpg,YYNUK
3751.jpg,CEYVP
2499.jpg,BGVTD
6522.jpg,ETWWY
7743.jpg,KHBMN
4396.jpg,CBPNK
4065.jpg,MEBHT
5575.jpg,NWMRG
5542.jpg,MWGUM
2012.jpg,VRHMY
1871.jpg,EUCGG
7858.jpg,FDDPV
204.jpg,TPAWF
6009.jpg,ECBGE
6369.jpg,TEGAA
3745.jpg,GTNUM
061.jpg,DWVRT
4078.jpg,HTDXC
1854.jpg,WDBXV
598.jpg,GYEGH
5353.jpg,UVPDG
3954.jpg,KGAXG
074.jpg,KTVAG
2338.jpg,CDWNH
1987.jpg,RRAGG
3657.jpg,HTNAD
1378.jpg,FXHXY
409.jpg,KRVCC
321.jpg,MMAFF
4131.jpg,TPTNF
098.jpg,GWWEG
4281.jpg,YYVUF
1889.jpg,FBTBA
3646.jpg,RFNAY
561.jpg,NUDXF
7393.jpg,XADTA
582.jpg,RPNWG
5967.jpg,FGPER
5485.jpg,NHFEF
5641.jpg,MVRGY
4361.jpg,HNGBY
6334.jpg,KTPBG
5360.jpg,WYXPE
7169.jpg,VFCAK
2020.jpg,UUGME
6266.jpg,AURWU
4305.jpg,EAYEF
6095.jpg,RFAUC
5599.jpg,NERXB
2387.jpg,MNGHX
4922.jpg,HXAAB
3088.jpg,MKAKY
3013.jpg,XPFEH
1780.jpg,PKDKH
1422.jpg,TXPGU
2872.jpg,TUCKN
2734.jpg,DRYPP
5509.jpg,NCGBP
3431.jpg,EWFCV
870.jpg,KMKBP
1804.jpg,CBBTG
268.jpg,AVKXH
2946.jpg,DGVCH
7730.jpg,DWYFP
4350.jpg,TPYBA
083.jpg,NKRXT
6946.jpg,UPCPE
3165.jpg,REAHT
5678.jpg,AECMC
1930.jpg,PCRTP
317.jpg,HCCDV
3170.jpg,DBTHF
4115.jpg,TNTCC
3967.jpg,VBNTK
7834.jpg,KWPEK
1435.jpg,HFWKB
4609.jpg,PWPKN
5375.jpg,HTTDB
4883.jpg,MAWTR
4731.jpg,NCTPG
3381.jpg,DMMXW
5073.jpg,VFYRN
1483.jpg,CACPH
1247.jpg,NVNTP
7249.jpg,HYVHP
4403.jpg,NFERP
3578.jpg,PMPUD
1596.jpg,AMMGF
1438.jpg,BHMHW
1861.jpg,UWEBC
5019.jpg,PDHMH
7499.jpg,BPBXH
2774.jpg,HPCNE
4234.jpg,AFPCG
4639.jpg,EMTNH
7438.jpg,DFPVU
1457.jpg,CUGYX
1535.jpg,ENGDG
1381.jpg,MYEHM
6203.jpg,NCPYA
3415.jpg,YYKPH
2380.jpg,YVUUE
4462.jpg,RYFMG
178.jpg,YTRXD
2535.jpg,DUUXE
3677.jpg,KHEAU
1636.jpg,TRGAV
3661.jpg,XUUCT
7401.jpg,WTMKG
1213.jpg,HHYXH
7011.jpg,BBAMH
3961.jpg,WXXDR
3247.jpg,NARRY
3394.jpg,XRBBN
2820.jpg,AKPGR
3447.jpg,HRNRR
3430.jpg,PHKHX
6823.jpg,AAUDV
3312.jpg,MBDCK
5889.jpg,MNMPN
2947.jpg,VKADK
6059.jpg,PGCRH
1805.jpg,YDAAW
4923.jpg,PGUEU
7343.jpg,NTWTD
3378.jpg,EDTGE
6716.jpg,RWEGT
4697.jpg,RDCPM
3354.jpg,ATPYW
7685.jpg,GUBTY
5647.jpg,GHCRF
3189.jpg,AAWTK
5519.jpg,TXAEX
3290.jpg,HVDDP
1835.jpg,XAKTG
2233.jpg,PGRAF
7925.jpg,KNMYF
7567.jpg,TXCFT
4358.jpg,DYUDB
1035.jpg,XVVGV
2977.jpg,BXPBX
6875.jpg,AMBMG
160.jpg,BPYTA
1901.jpg,CPKNE
1828.jpg,YDWBY
2377.jpg,VGBYY
5660.jpg,PTGMK
4286.jpg,MFCAA
126.jpg,UEFHU
2366.jpg,ACWTG
3059.jpg,KWPDK
5827.jpg,FGUXM
2118.jpg,ANAVG
3682.jpg,CXXYE
4029.jpg,PUWVP
927.jpg,KVDVP
6352.jpg,KFNBX
3414.jpg,UMANK
4615.jpg,HHAHU
3482.jpg,DBHDD
1425.jpg,HGNPP
7627.jpg,ADHAP
4319.jpg,UNEPP
4898.jpg,HGWTA
1712.jpg,YXTBC
1897.jpg,RFWAC
2460.jpg,AYUUC
6395.jpg,CCHCE
4012.jpg,AWMMH
5112.jpg,KKETG
279.jpg,CTDWW
2347.jpg,YFHDY
1886.jpg,HHNVG
5127.jpg,VCHBK
5730.jpg,AEEVY
917.jpg,XXEXD
1680.jpg,TMWGW
5277.jpg,XGPCR
4874.jpg,MPBBY
1087.jpg,MNVHH
6163.jpg,VWCPH
7741.jpg,MRMBY
281.jpg,CCWYW
2982.jpg,DBKKR
2675.jpg,BDNKT
7987.jpg,GRHEV
4248.jpg,EMVGM
5389.jpg,TENEW
5634.jpg,TPXKY
2050.jpg,FPBAH
4706.jpg,YPFWC
3187.jpg,TYMUD
4292.jpg,GFFPM
545.jpg,PTEYR
5584.jpg,WGURB
374.jpg,DHPKB
7528.jpg,DBBCV
2146.jpg,AGPDK
5661.jpg,WBFKN
2617.jpg,CYHBT
3389.jpg,UAGBB
1241.jpg,BUXCV
3512.jpg,EHGPB
4044.jpg,MCAKH
2803.jpg,WYMGA
2791.jpg,CFFFT
4430.jpg,WFKFY
6409.jpg,BBPNK
2512.jpg,BXYGU
4233.jpg,DUCNU
6109.jpg,EHMYT
3370.jpg,PVMGG
2968.jpg,ABMWU
2941.jpg,RXEKR
2653.jpg,YPCUP
760.jpg,DCEHA
7862.jpg,PVMFY
4032.jpg,VDXGV
4213.jpg,NEANN
5873.jpg,MYKFR
2869.jpg,PHDVY
7917.jpg,DKPFW
7422.jpg,CUFMP
3198.jpg,GKCYD
2643.jpg,GYNRK
4318.jpg,ETRFC
1996.jpg,EBMGK
2357.jpg,ARCUT
3049.jpg,URRHU
3982.jpg,XBETV
5483.jpg,TMXEV
7171.jpg,DRYNX
4899.jpg,NFRVR
003.jpg,XXFAG
7599.jpg,CEUPC
5074.jpg,PAFBY
6834.jpg,RAPCE
5487.jpg,RRWUE
1319.jpg,FRHEK
3150.jpg,PXHWH
2992.jpg,PMYWV
2983.jpg,VYYEE
7336.jpg,FEUHP
2404.jpg,UTKPF
270.jpg,AUTKB
4554.jpg,AUCEK
5794.jpg,FBNWA
3823.jpg,GHDKA
5388.jpg,DYPEE
2065.jpg,AWEUC
4188.jpg,AVDUB
4418.jpg,NKDEX
3532.jpg,KCGRR
167.jpg,NFFVN
6752.jpg,EEBTW
2104.jpg,UWVGW
3648.jpg,YFYCA
5424.jpg,MUVXH
1715.jpg,BGHUP
4117.jpg,VDAEC
3764.jpg,CFWXT
7936.jpg,AUYYR
7136.jpg,REPUM
147.jpg,FWFUM
3086.jpg,NWKWM
4925.jpg,APWTF
6543.jpg,GRTRX
2361.jpg,GPGKH
3502.jpg,FYWRA
3513.jpg,GWMGN
6010.jpg,YCDFE
1484.jpg,MMFEP
2903.jpg,PBHMR
532.jpg,RHRKE
2598.jpg,VTNFM
2802.jpg,DFCGR
4873.jpg,TCMTH
7993.jpg,KEPXT
108.jpg,KRXVP
390.jpg,HGWXD
6631.jpg,EKUTC
4828.jpg,DGHYY
1594.jpg,BVERG
1169.jpg,VAMWF
1740.jpg,XCGYW
1879.jpg,XUCPM
1950.jpg,HUMDP
3832.jpg,BYGFX
1404.jpg,XPVCH
5461.jpg,HWVDU
3908.jpg,UPYXY
2948.jpg,RHGXE
5851.jpg,KEWTW
3845.jpg,HWCCK
2663.jpg,TFNUN
2254.jpg,YYFVA
3183.jpg,CKXUE
4149.jpg,UPUCC
6695.jpg,DTMUA
5359.jpg,XDUBN
2263.jpg,CMMMY
3931.jpg,BMEVW
1842.jpg,UFUHX
6323.jpg,BAMPM
3476.jpg,NRHGK
6428.jpg,UADUV
2188.jpg,DETPE
4625.jpg,CVBCX
6585.jpg,UTMVN
837.jpg,BWPCP
6275.jpg,KTHFG
3533.jpg,BRDPR
6810.jpg,WAECM
4803.jpg,TAYFC
5345.jpg,XFGTV
6651.jpg,FKGCH
3848.jpg,UKAXV
7380.jpg,KYKEA
6283.jpg,VGYKM
5928.jpg,WGYTV
1974.jpg,KUPNY
3949.jpg,FATTD
1476.jpg,UUNPR
1250.jpg,FADNT
7465.jpg,YDUDM
2576.jpg,PXRRT
2658.jpg,VPAVT
1441.jpg,PKPTV
3893.jpg,WXUHT
3269.jpg,XPEGH
2382.jpg,BMEEX
2723.jpg,AYHCU
2908.jpg,HUGRN
700.jpg,AVDVM
5501.jpg,PFDAW
2202.jpg,GKEFH
4330.jpg,FXFKR
6057.jpg,UMCCH
5895.jpg,FRWWB
4170.jpg,AAHBH
2548.jpg,PREDR
4313.jpg,PUPEB
1142.jpg,VMCVR
7331.jpg,UFXMP
4168.jpg,UXDUR
5457.jpg,XAWNY
1814.jpg,MGNFA
3325.jpg,UANPF
1648.jpg,AMRAY
1661.jpg,CDYDM
5717.jpg,UPCUB
2509.jpg,EBKBG
2033.jpg,CCWKE
4606.jpg,MMTHG
4137.jpg,KKWYE
5795.jpg,EPAXH
3598.jpg,RVGEF
3129.jpg,HEGPY
5137.jpg,VBEYR
6869.jpg,AUACG
1862.jpg,HAHEG
2003.jpg,XRECR
1281.jpg,YBGAY
454.jpg,EKYFE
5383.jpg,HDGHH
3209.jpg,PNTHU
4345.jpg,FDUCR
029.jpg,FKMTV
1682.jpg,VHRRH
6017.jpg,GDDAC
7031.jpg,URNDX
1549.jpg,ENGUU
070.jpg,AKYCU
1130.jpg,MECPD
129.jpg,VHPHF
5088.jpg,TAXRC
2126.jpg,GETDW
2323.jpg,TXGEV
117.jpg,AATRW
3955.jpg,KKTXE
4954.jpg,DXPMN
2743.jpg,NGWPH
3999.jpg,CRUBR
3625.jpg,EXKRC
7008.jpg,NVYYP
3015.jpg,TCBEN
2804.jpg,EWYKU
1303.jpg,CVGAM
557.jpg,PFTUT
1367.jpg,GCKUN
6332.jpg,FBUMA
4910.jpg,BGEHB
2412.jpg,TBYFM
3197.jpg,YCGEN
5976.jpg,DRKPX
7654.jpg,DRHUT
2659.jpg,PCKKT
1149.jpg,RPUYD
5790.jpg,NVGVC
5419.jpg,BDKBE
5297.jpg,KEMHA
762.jpg,EYHWG
6625.jpg,YEXVF
7721.jpg,ECXPA
4473.jpg,HUHEX
1023.jpg,ACVVW
3926.jpg,NHRNY
7392.jpg,VEVBK
361.jpg,ATAHN
7472.jpg,AEKAP
3789.jpg,WHVKX
320.jpg,EVNXX
1888.jpg,GEEXM
256.jpg,GBKHG
1078.jpg,HMNYV
4030.jpg,FMANB
1432.jpg,RFPRC
2241.jpg,AUTXN
1394.jpg,FYEAA
221.jpg,WVWTV
3849.jpg,YXWWK
2581.jpg,AGRRB
6406.jpg,VEXBP
6661.jpg,TCAWD
2264.jpg,UGVYB
3241.jpg,GXHWG
1359.jpg,BNNNK
2021.jpg,ATYUA
468.jpg,RNGEP
2668.jpg,TRFDH
6412.jpg,NUWNY
7436.jpg,PYARN
5089.jpg,FTBNT
5274.jpg,VAPTG
2386.jpg,RPCAN
1676.jpg,XNHDK
7865.jpg,VWYER
2315.jpg,WRXGN
2895.jpg,BAXPT
2424.jpg,HUCPK
4419.jpg,WXXVR
3152.jpg,XHXTN
1003.jpg,METAA
3911.jpg,PRCNK
2889.jpg,PYKAG
3894.jpg,VECBA
6973.jpg,UMUMF
2515.jpg,EEWBM
077.jpg,CUPAB
2531.jpg,YNFGK
7039.jpg,CVWBT
2178.jpg,MYVVC
2749.jpg,RRBKW
6611.jpg,ENKAV
5574.jpg,ERPBH
4360.jpg,RWTWG
1977.jpg,UMFDM
5601.jpg,MHDBV
2815.jpg,VARKR
3362.jpg,KMMBE
1924.jpg,FPPXU
1683.jpg,HKKYD
2693.jpg,GFYYD
4304.jpg,BAYVR
7093.jpg,MXAGC
3353.jpg,GRVUK
6226.jpg,YBFDV
3555.jpg,PDGNC
4566.jpg,MKPME
1615.jpg,UEKEX
3390.jpg,EHAAB
3985.jpg,BGPXD
7188.jpg,AWHHV
4118.jpg,UVCEK
3393.jpg,ATCVD
1519.jpg,VWTAV
4104.jpg,GGXWW
7581.jpg,XXDUB
4197.jpg,BNHNB
6578.jpg,NCGCK
2491.jpg,DTNYC
1198.jpg,XRXWF
5160.jpg,CATBG
2626.jpg,RTRNU
3684.jpg,EVKRM
2413.jpg,TEHFV
121.jpg,GBDNX
2845.jpg,WTNPW
305.jpg,KCNCV
4748.jpg,YWKUT
5646.jpg,XMDWR
2541.jpg,FEHAD
4257.jpg,YATVV
6372.jpg,YFRND
1634.jpg,FXANP
4053.jpg,VUFPW
4902.jpg,FWPRC
3660.jpg,YCTGD
4270.jpg,PEXWD
1981.jpg,PHURM
3452.jpg,VHTKU
3066.jpg,FNMMT
1957.jpg,RMHDR
1764.jpg,MCHKP
202.jpg,VWCUC
4541.jpg,FVUPA
236.jpg,WYFTV
4014.jpg,UWXVE
6598.jpg,EGNTK
1252.jpg,YEDDT
1686.jpg,NRKMB
3605.jpg,RFKTA
518.jpg,RKEAB
4805.jpg,FCYXD
7179.jpg,KBNYW
6802.jpg,YTVCU
6606.jpg,VVYMU
7778.jpg,PAKFT
6919.jpg,PWBVX
5243.jpg,XENED
4200.jpg,TPNMU
6058.jpg,FDFCY
3103.jpg,NKXNC
670.jpg,TXHAN
3248.jpg,DDEPK
5526.jpg,MRYER
2794.jpg,ACRNK
6727.jpg,WXCHM
2401.jpg,DGDFK
1234.jpg,MDMVV
6516.jpg,YPCCC
1335.jpg,NKTRG
6527.jpg,NNBVE
2286.jpg,YTCXF
4718.jpg,TFTCB
2416.jpg,RPHVC
1478.jpg,CRGHW
4095.jpg,BFETC
278.jpg,MCFGV
4320.jpg,URDTT
6211.jpg,UKGAY
2095.jpg,AXTNY
336.jpg,HWGET
4915.jpg,TPCTE
2001.jpg,XUWWG
2459.jpg,HFAAG
4690.jpg,HKTXP
6301.jpg,FCFKH
6353.jpg,PDMWD
4196.jpg,YCKYM
6711.jpg,RKEBM
3829.jpg,KVPTG
3934.jpg,RTAAT
1860.jpg,UDANR
1206.jpg,RYVNX
2275.jpg,NTUYU
3876.jpg,PKBDU
5875.jpg,XXHKG
2514.jpg,BMHKR
026.jpg,BWXNC
7919.jpg,TPWDX
398.jpg,BWFAA
2461.jpg,RRBXX
3811.jpg,WVWRE
555.jpg,HURYA
5401.jpg,WGRGK
1426.jpg,WKNHE
2785.jpg,CWWCD
6280.jpg,VFYKC
7551.jpg,DXMTX
2119.jpg,VYPRP
155.jpg,TYTWC
3446.jpg,UFEHG
865.jpg,UPCMP
4438.jpg,CRBRY
1797.jpg,MPXRT
3339.jpg,XGGRD
3990.jpg,MPVPA
2940.jpg,YXNVN
6668.jpg,GKRKF
2502.jpg,WTFVK
3885.jpg,FXVRG
4359.jpg,PEGAM
3984.jpg,GTFYM
2444.jpg,AFKTD
3371.jpg,MKRVM
1666.jpg,PFEBM
2674.jpg,XVXNA
7515.jpg,DFMKD
4193.jpg,ECVNP
7007.jpg,NPGGU
7075.jpg,PMMVM
341.jpg,FDDPV
3529.jpg,UMBRH
3249.jpg,CETWN
1755.jpg,RHCXX
1014.jpg,RVVHW
7960.jpg,XYFPD
2232.jpg,YBCCU
6679.jpg,DGMTV
4143.jpg,AHYFV
107.jpg,GXAMG
2767.jpg,ETYNN
2194.jpg,GWKMG
1590.jpg,NFYGV
1883.jpg,GYFDD
1414.jpg,CTEMR
495.jpg,FGMPY
4110.jpg,DDYBV
5075.jpg,WGXTV
2880.jpg,UXKKW
3992.jpg,TADNA
241.jpg,YBPEU
4153.jpg,RPAUW
2481.jpg,PCTGX
3138.jpg,RMATF
7375.jpg,DCXNF
2164.jpg,KUCAA
4212.jpg,ABPUU
3928.jpg,EPMDD
3935.jpg,RFYPG
7678.jpg,AVXFM
544.jpg,XVBDG
2100.jpg,PUDRE
1992.jpg,TTCKB
4860.jpg,CTURN
3659.jpg,VTMFR
2684.jpg,GHCEC
1604.jpg,MTDET
3620.jpg,NDTAR
7253.jpg,FVTBB
1635.jpg,XCVBE
4265.jpg,TFWCY
2331.jpg,MRNWG
3376.jpg,EGARH
4372.jpg,HWVGK
1159.jpg,RWKRU
4249.jpg,XAVBD
1593.jpg,CACPW
3230.jpg,DERPV
2132.jpg,WTGNH
1803.jpg,VCFTC
1228.jpg,MPPGV
1732.jpg,UACAM
4442.jpg,EXNTG
1550.jpg,NHNHD
6900.jpg,HTBGT
6169.jpg,APTKK
5811.jpg,BRCTX
3792.jpg,KHWRY
7885.jpg,MUKRF
3410.jpg,XYFHU
2701.jpg,HKXHH
2907.jpg,DNXMD
2082.jpg,DPGNC
154.jpg,HTHXY
1844.jpg,KFCEW
2000.jpg,TFBGR
7603.jpg,EBKAR
6251.jpg,ACEPF
6693.jpg,FKYKF
2979.jpg,BWFAB
1419.jpg,AMNXN
6816.jpg,PUTTU
7057.jpg,CDUYD
6553.jpg,XWYDT
3765.jpg,HFGAH
7074.jpg,KFNUV
1348.jpg,DBFKN
5191.jpg,AEUCU
2306.jpg,KNFFC
5926.jpg,TFHCA
3930.jpg,PWKCN
3862.jpg,XHRNP
146.jpg,BXYPT
5098.jpg,YMDPA
7561.jpg,GWMHX
2399.jpg,YWMCG
404.jpg,NGXAT
2340.jpg,HBBUN
7956.jpg,ADXFX
1375.jpg,RWURP
1912.jpg,WMXFX
3748.jpg,ADCMM
2793.jpg,MANBE
1710.jpg,HWEWF
3280.jpg,BMYGE
1067.jpg,YFDPU
3492.jpg,DVDGV
6299.jpg,RTFFH
5545.jpg,EMRHD
3833.jpg,TNRAU
3634.jpg,RBDCN
3621.jpg,TWYBW
5665.jpg,PHMWA
7842.jpg,MUPWW
2569.jpg,ADBDA
6853.jpg,EPVPF
4880.jpg,RHTMT
4401.jpg,UNKAK
1186.jpg,GHPYF
2421.jpg,PKHYG
3822.jpg,XBYER
1317.jpg,UHRKC
4324.jpg,ENPMD
2628.jpg,PYYET
7327.jpg,ERGDB
6934.jpg,WYWUK
3544.jpg,EVYAB
6528.jpg,BNXRE
2005.jpg,EUFTV
1517.jpg,HAVMB
1667.jpg,XRAEW
1699.jpg,FRTHM
7123.jpg,RDNXT
4424.jpg,NKKXP
7037.jpg,PNBHP
4154.jpg,CNCBC
3417.jpg,KBMXT
6584.jpg,EUFTE
7056.jpg,TEUFM
2993.jpg,MVCKM
1456.jpg,HGRCN
4068.jpg,DMNBT
297.jpg,FBNMY
6322.jpg,DEAWV
1343.jpg,GGEGV
3618.jpg,HPCME
6005.jpg,EPGAM
7209.jpg,KWATV
1657.jpg,XXTFN
2550.jpg,GNDXB
1446.jpg,EGKDT
5630.jpg,UFNXH
2165.jpg,GPXKM
3101.jpg,KEPRD
2722.jpg,WUGBV
2409.jpg,WEEGX
1477.jpg,DAGVV
1557.jpg,FYACA
6040.jpg,AGXAK
3624.jpg,KTXGA
4171.jpg,MFPXD
6981.jpg,KTDTT
1997.jpg,FFYMX
3503.jpg,MNTDY
3106.jpg,FVABP
2597.jpg,UHNNH
3272.jpg,HAFTG
3696.jpg,KNGTX
3054.jpg,CVPEP
6039.jpg,WDRXN
3856.jpg,RETXF
4088.jpg,VEAMW
2805.jpg,HGAFY
2115.jpg,AEXFG
5436.jpg,BDRRY
5291.jpg,EUUCP
473.jpg,WBMTM
2292.jpg,BKFKW
5609.jpg,GARFP
3191.jpg,RHNGN
5848.jpg,YFGRT
3070.jpg,HEDRE
1029.jpg,REHVV
1763.jpg,PTTGD
2631.jpg,VHWXM
5439.jpg,FHPRC
5528.jpg,AWYPY
5662.jpg,WUTGB
3081.jpg,DRGVF
2457.jpg,NGGYT
1280.jpg,BEFXV
2420.jpg,PDDHB
5123.jpg,MYTHB
2508.jpg,TMWTA
1030.jpg,KVCPT
1947.jpg,UKXKR
1465.jpg,YGNPG
3907.jpg,KUKVV
4637.jpg,MPMTR
4006.jpg,TXKKW
3398.jpg,XYVKV
1577.jpg,GCUMD
2934.jpg,VFTEV
4037.jpg,EKAEF
082.jpg,RNDRT
065.jpg,UXVBH
4380.jpg,CXTAP
943.jpg,KDBPA
3207.jpg,FNBFP
2061.jpg,RXYBW
2896.jpg,NWCGV
3215.jpg,MVAPU
3722.jpg,CDUTD
3630.jpg,RCYMN
7677.jpg,WPKBH
3100.jpg,DNTNF
3998.jpg,WWRXP
1899.jpg,GVHBR
6397.jpg,NFEAW
7330.jpg,UURKR
6962.jpg,TTGPP
5887.jpg,TAMKB
3124.jpg,APUVK
7989.jpg,GEGEW
1659.jpg,AMEXW
5023.jpg,RPXWU
7619.jpg,VDPVD
3155.jpg,MAUCV
5064.jpg,RHCHC
3079.jpg,BCWVV
6756.jpg,XMVBD
1488.jpg,HBXDB
548.jpg,KKNNE
3449.jpg,FHAPV
448.jpg,WDVPW
449.jpg,FNHTR
450.jpg,UFKYG
451.jpg,FAPEA
452.jpg,BADGH
453.jpg,NMPPW
456.jpg,AARGU
458.jpg,DCCAM
459.jpg,HKHHR
461.jpg,CTETP
463.jpg,YWBNX
464.jpg,ARCPC
465.jpg,VAXRX
466.jpg,VWMFR
467.jpg,CKPVE
474.jpg,RWCYA
475.jpg,XGFPE
476.jpg,PXXWK
477.jpg,WXHXR
478.jpg,NNNWK
479.jpg,UREPD
480.jpg,PVRDA
481.jpg,HDRXT
482.jpg,DBUWR
483.jpg,PYMYD
485.jpg,WXMEA
486.jpg,ERBCC
487.jpg,RAEDD
488.jpg,MGFKB
